label,genre
1625.wav,Adhunik
1666.wav,Adhunik
2081.wav,Adhunik
1358.wav,Adhunik
727.wav,Adhunik
1470.wav,Adhunik
1952.wav,Adhunik
1673.wav,Adhunik
228.wav,Adhunik
1327.wav,Adhunik
1818.wav,Adhunik
300.wav,Adhunik
1821.wav,Adhunik
213.wav,Adhunik
541.wav,Adhunik
222.wav,Adhunik
361.wav,Adhunik
196.wav,Adhunik
2082.wav,Adhunik
700.wav,Adhunik
1432.wav,Adhunik
726.wav,Adhunik
1196.wav,Adhunik
1260.wav,Adhunik
732.wav,Adhunik
1715.wav,Adhunik
836.wav,Adhunik
144.wav,Adhunik
399.wav,Adhunik
945.wav,Adhunik
2099.wav,Adhunik
514.wav,Adhunik
1198.wav,Adhunik
1554.wav,Adhunik
1504.wav,Adhunik
1737.wav,Adhunik
254.wav,Adhunik
50.wav,Adhunik
679.wav,Adhunik
1526.wav,Adhunik
2164.wav,Adhunik
1663.wav,Adhunik
1297.wav,Adhunik
79.wav,Adhunik
2224.wav,Adhunik
1650.wav,Adhunik
2153.wav,Adhunik
1211.wav,Adhunik
1015.wav,Adhunik
658.wav,Adhunik
2006.wav,Adhunik
1770.wav,Adhunik
162.wav,Adhunik
1582.wav,Adhunik
797.wav,Adhunik
1322.wav,Adhunik
1476.wav,Adhunik
590.wav,Adhunik
574.wav,Adhunik
479.wav,Adhunik
573.wav,Adhunik
751.wav,Adhunik
404.wav,Adhunik
1137.wav,Adhunik
96.wav,Adhunik
1733.wav,Adhunik
367.wav,Adhunik
105.wav,Adhunik
2186.wav,Adhunik
95.wav,Adhunik
1700.wav,Adhunik
1064.wav,Adhunik
1012.wav,Adhunik
1916.wav,Adhunik
1832.wav,Adhunik
260.wav,Adhunik
2149.wav,Adhunik
1474.wav,Adhunik
1377.wav,Adhunik
405.wav,Adhunik
847.wav,Adhunik
2126.wav,Adhunik
1614.wav,Adhunik
1239.wav,Adhunik
1167.wav,Adhunik
2098.wav,Adhunik
2070.wav,Adhunik
672.wav,Adhunik
91.wav,Adhunik
923.wav,Adhunik
236.wav,Adhunik
1492.wav,Adhunik
799.wav,Adhunik
315.wav,Adhunik
1693.wav,Adhunik
1606.wav,Adhunik
1069.wav,Adhunik
1840.wav,Adhunik
1825.wav,Adhunik
1482.wav,Adhunik
1778.wav,Adhunik
1079.wav,Adhunik
851.wav,Adhunik
1621.wav,Adhunik
1452.wav,Adhunik
342.wav,Adhunik
1136.wav,Adhunik
374.wav,Adhunik
1941.wav,Adhunik
963.wav,Adhunik
1178.wav,Adhunik
1175.wav,Adhunik
1397.wav,Adhunik
1070.wav,Adhunik
1176.wav,Adhunik
1425.wav,Adhunik
528.wav,Adhunik
629.wav,Adhunik
393.wav,Adhunik
1454.wav,Adhunik
1930.wav,Adhunik
740.wav,Adhunik
1563.wav,Adhunik
1756.wav,Adhunik
1032.wav,Adhunik
2108.wav,Adhunik
542.wav,Adhunik
1370.wav,Adhunik
1994.wav,Adhunik
1503.wav,Adhunik
535.wav,Adhunik
1385.wav,Adhunik
878.wav,Adhunik
204.wav,Adhunik
1418.wav,Adhunik
1390.wav,Adhunik
826.wav,Adhunik
1730.wav,Adhunik
1735.wav,Adhunik
1969.wav,Adhunik
92.wav,Adhunik
1742.wav,Adhunik
310.wav,Adhunik
501.wav,Adhunik
2087.wav,Adhunik
159.wav,Adhunik
1143.wav,Adhunik
821.wav,Adhunik
1764.wav,Adhunik
763.wav,Adhunik
2217.wav,Adhunik
1863.wav,Adhunik
1008.wav,Adhunik
1045.wav,Adhunik
1326.wav,Adhunik
1405.wav,Adhunik
812.wav,Adhunik
1548.wav,Adhunik
133.wav,Adhunik
1275.wav,Adhunik
1371.wav,Adhunik
1942.wav,Adhunik
1850.wav,Adhunik
675.wav,Adhunik
209.wav,Adhunik
1972.wav,Adhunik
702.wav,Adhunik
1183.wav,Adhunik
1366.wav,Adhunik
1642.wav,Adhunik
207.wav,Adhunik
319.wav,Adhunik
2150.wav,Adhunik
561.wav,Adhunik
1349.wav,Adhunik
1033.wav,Adhunik
1508.wav,Adhunik
1627.wav,Adhunik
221.wav,Adhunik
309.wav,Adhunik
604.wav,Adhunik
1988.wav,Adhunik
1340.wav,Adhunik
365.wav,Adhunik
469.wav,Adhunik
467.wav,Adhunik
674.wav,Adhunik
200.wav,Adhunik
412.wav,Adhunik
754.wav,Adhunik
546.wav,Adhunik
1613.wav,Adhunik
1415.wav,Adhunik
1487.wav,Adhunik
1214.wav,Adhunik
1586.wav,Adhunik
1380.wav,Adhunik
525.wav,Adhunik
771.wav,Adhunik
606.wav,Adhunik
1667.wav,Adhunik
391.wav,Adhunik
312.wav,Adhunik
1104.wav,Adhunik
1480.wav,Adhunik
772.wav,Adhunik
791.wav,Adhunik
1414.wav,Adhunik
507.wav,Adhunik
616.wav,Adhunik
1168.wav,Adhunik
1231.wav,Adhunik
1963.wav,Adhunik
2157.wav,Adhunik
1043.wav,Adhunik
926.wav,Adhunik
1824.wav,Adhunik
238.wav,Adhunik
905.wav,Adhunik
135.wav,Adhunik
587.wav,Adhunik
1915.wav,Adhunik
768.wav,Adhunik
2273.wav,Folk
301.wav,Folk
1546.wav,Folk
941.wav,Folk
12.wav,Folk
1040.wav,Folk
1577.wav,Folk
747.wav,Folk
613.wav,Folk
710.wav,Folk
1608.wav,Folk
1274.wav,Folk
696.wav,Folk
2180.wav,Folk
1887.wav,Folk
2218.wav,Folk
2023.wav,Folk
1184.wav,Folk
752.wav,Folk
182.wav,Folk
912.wav,Folk
279.wav,Folk
37.wav,Folk
1865.wav,Folk
1289.wav,Folk
576.wav,Folk
520.wav,Folk
997.wav,Folk
535_1.wav,Folk
1322_1.wav,Folk
720.wav,Folk
531.wav,Folk
2163.wav,Folk
1436.wav,Folk
717.wav,Folk
1063.wav,Folk
1377_1.wav,Folk
370.wav,Folk
402.wav,Folk
113.wav,Folk
938.wav,Folk
908.wav,Folk
1.wav,Folk
1333.wav,Folk
2120.wav,Folk
758.wav,Folk
957.wav,Folk
1761.wav,Folk
565.wav,Folk
2255.wav,Folk
2338.wav,Folk
1199.wav,Folk
1820.wav,Folk
559.wav,Folk
2221.wav,Folk
949.wav,Folk
627.wav,Folk
551.wav,Folk
1419.wav,Folk
1358_1.wav,Folk
1816.wav,Folk
1005.wav,Folk
2257.wav,Folk
2307.wav,Folk
2074.wav,Folk
902.wav,Folk
808.wav,Folk
261.wav,Folk
1390_1.wav,Folk
1167_1.wav,Folk
1603.wav,Folk
699.wav,Folk
1516.wav,Folk
392.wav,Folk
1393.wav,Folk
1936.wav,Folk
1720.wav,Folk
1690.wav,Folk
1443.wav,Folk
331.wav,Folk
1794.wav,Folk
569.wav,Folk
1700_1.wav,Folk
2244.wav,Folk
1396.wav,Folk
410.wav,Folk
117.wav,Folk
1452_1.wav,Folk
544.wav,Folk
57.wav,Folk
742.wav,Folk
1495.wav,Folk
722.wav,Folk
1013.wav,Folk
839.wav,Folk
1177.wav,Folk
923_1.wav,Folk
479_1.wav,Folk
664.wav,Folk
1651.wav,Folk
1639.wav,Folk
1471.wav,Folk
1380_1.wav,Folk
310_1.wav,Folk
2185.wav,Folk
741.wav,Folk
300_1.wav,Folk
426.wav,Folk
1913.wav,Folk
2006_1.wav,Folk
35.wav,Folk
2262.wav,Folk
2082_1.wav,Folk
552.wav,Folk
1490.wav,Folk
1507.wav,Folk
404_1.wav,Folk
772_1.wav,Folk
210.wav,Folk
2155.wav,Folk
924.wav,Folk
180.wav,Folk
1739.wav,Folk
1771.wav,Folk
207_1.wav,Folk
2271.wav,Folk
1488.wav,Folk
1654.wav,Folk
740_1.wav,Folk
884.wav,Folk
2187.wav,Folk
1423.wav,Folk
2297.wav,Folk
654.wav,Folk
988.wav,Folk
421.wav,Folk
851_1.wav,Folk
2052.wav,Folk
440.wav,Folk
1045_1.wav,Folk
810.wav,Folk
1391.wav,Folk
1091.wav,Folk
288.wav,Folk
1534.wav,Folk
1194.wav,Folk
1206.wav,Folk
1735_1.wav,Folk
1983.wav,Folk
1592.wav,Folk
2054.wav,Folk
1922.wav,Folk
1538.wav,Folk
1227.wav,Folk
2086.wav,Folk
1750.wav,Folk
879.wav,Folk
1117.wav,Folk
2320.wav,Folk
1376.wav,Folk
955.wav,Folk
1825_1.wav,Folk
952.wav,Folk
316.wav,Folk
1875.wav,Folk
767.wav,Folk
2059.wav,Folk
1171.wav,Folk
29.wav,Folk
311.wav,Folk
419.wav,Folk
2150_1.wav,Folk
919.wav,Folk
1197.wav,Folk
1046.wav,Folk
1925.wav,Folk
1747.wav,Folk
516.wav,Folk
183.wav,Folk
239.wav,Folk
899.wav,Folk
1722.wav,Folk
1711.wav,Folk
538.wav,Folk
1652.wav,Folk
1273.wav,Folk
1688.wav,Folk
778.wav,Folk
1438.wav,Folk
274.wav,Folk
1148.wav,Folk
463.wav,Folk
2027.wav,Folk
935.wav,Folk
1973.wav,Folk
1478.wav,Folk
1939.wav,Folk
1019.wav,Folk
2216.wav,Folk
602.wav,Folk
157.wav,Folk
1145.wav,Folk
1565.wav,Folk
2188.wav,Folk
1186.wav,Folk
2108_1.wav,Folk
692.wav,Folk
995.wav,Folk
911.wav,Folk
2318.wav,Folk
1267.wav,Folk
217.wav,Folk
820.wav,Folk
1809.wav,Folk
1677.wav,Folk
802.wav,Folk
125.wav,Folk
746.wav,Folk
1586_1.wav,Folk
416.wav,Folk
886.wav,Folk
863.wav,Folk
1337.wav,Folk
2287.wav,Folk
1814.wav,Folk
1785.wav,Folk
2219.wav,Folk
2328.wav,Folk
2080.wav,Folk
1803.wav,Folk
634.wav,Folk
953.wav,Folk
1030.wav,Folk
1420.wav,Folk
2274.wav,Folk
262.wav,Hiphop
1441.wav,Hiphop
625.wav,Hiphop
572.wav,Hiphop
587_1.wav,Hiphop
1448.wav,Hiphop
1071.wav,Hiphop
7.wav,Hiphop
1590.wav,Hiphop
1701.wav,Hiphop
909.wav,Hiphop
1207.wav,Hiphop
171.wav,Hiphop
1471_1.wav,Hiphop
437.wav,Hiphop
776.wav,Hiphop
152.wav,Hiphop
1043_1.wav,Hiphop
394.wav,Hiphop
957_1.wav,Hiphop
861.wav,Hiphop
169.wav,Hiphop
39.wav,Hiphop
921.wav,Hiphop
379.wav,Hiphop
338.wav,Hiphop
1079_1.wav,Hiphop
1545.wav,Hiphop
642.wav,Hiphop
1353.wav,Hiphop
159_1.wav,Hiphop
389.wav,Hiphop
115.wav,Hiphop
1175_1.wav,Hiphop
1306.wav,Hiphop
867.wav,Hiphop
432.wav,Hiphop
424.wav,Hiphop
1011.wav,Hiphop
597.wav,Hiphop
1119.wav,Hiphop
1387.wav,Hiphop
677.wav,Hiphop
601.wav,Hiphop
868.wav,Hiphop
1391_1.wav,Hiphop
704.wav,Hiphop
222_1.wav,Hiphop
982.wav,Hiphop
119.wav,Hiphop
1378.wav,Hiphop
97.wav,Hiphop
737.wav,Hiphop
808_1.wav,Hiphop
870.wav,Hiphop
243.wav,Hiphop
633.wav,Hiphop
947.wav,Hiphop
1130.wav,Hiphop
818.wav,Hiphop
706.wav,Hiphop
1281.wav,Hiphop
1041.wav,Hiphop
288_1.wav,Hiphop
763_1.wav,Hiphop
161.wav,Hiphop
1068.wav,Hiphop
116.wav,Hiphop
1133.wav,Hiphop
1099.wav,Hiphop
1326_1.wav,Hiphop
905_1.wav,Hiphop
1462.wav,Hiphop
47.wav,Hiphop
1128.wav,Hiphop
500.wav,Hiphop
956.wav,Hiphop
1418_1.wav,Hiphop
1475.wav,Hiphop
192.wav,Hiphop
1713.wav,Hiphop
272.wav,Hiphop
602_1.wav,Hiphop
187.wav,Hiphop
239_1.wav,Hiphop
1581.wav,Hiphop
1029.wav,Hiphop
1716.wav,Hiphop
682.wav,Hiphop
1216.wav,Hiphop
427.wav,Hiphop
1009.wav,Hiphop
623.wav,Hiphop
77.wav,Hiphop
581.wav,Hiphop
1114.wav,Hiphop
835.wav,Hiphop
816.wav,Hiphop
520_1.wav,Hiphop
1082.wav,Hiphop
733.wav,Hiphop
1131.wav,Hiphop
1658.wav,Hiphop
368.wav,Hiphop
1194_1.wav,Hiphop
1532.wav,Hiphop
892.wav,Hiphop
705.wav,Hiphop
1554_1.wav,Hiphop
56.wav,Hiphop
1158.wav,Hiphop
1517.wav,Hiphop
852.wav,Hiphop
248.wav,Hiphop
1727.wav,Hiphop
66.wav,Hiphop
1055.wav,Hiphop
314.wav,Hiphop
1287.wav,Hiphop
1403.wav,Hiphop
125_1.wav,Hiphop
1719.wav,Hiphop
91_1.wav,Hiphop
911_1.wav,Hiphop
447.wav,Hiphop
1542.wav,Hiphop
61.wav,Hiphop
1264.wav,Hiphop
1548_1.wav,Hiphop
690.wav,Hiphop
907.wav,Hiphop
786.wav,Hiphop
635.wav,Hiphop
1687.wav,Hiphop
1018.wav,Hiphop
461.wav,Hiphop
464.wav,Hiphop
1259.wav,Hiphop
1225.wav,Hiphop
1075.wav,Hiphop
1007.wav,Hiphop
497.wav,Hiphop
540.wav,Hiphop
1725.wav,Hiphop
431.wav,Hiphop
450.wav,Hiphop
1155.wav,Hiphop
1560.wav,Hiphop
1386.wav,Hiphop
820_1.wav,Hiphop
78.wav,Hiphop
1632.wav,Hiphop
1389.wav,Hiphop
201.wav,Hiphop
631.wav,Hiphop
386.wav,Hiphop
1260_1.wav,Hiphop
1295.wav,Hiphop
1337_1.wav,Hiphop
1405_1.wav,Hiphop
579.wav,Hiphop
980.wav,Hiphop
1464.wav,Hiphop
1356.wav,Hiphop
1209.wav,Hiphop
1332.wav,Hiphop
679_1.wav,Hiphop
915.wav,Hiphop
487.wav,Hiphop
826_1.wav,Hiphop
453.wav,Hiphop
291.wav,Hiphop
63.wav,Hiphop
2010.wav,Indie
1132.wav,Indie
1534_1.wav,Indie
418.wav,Indie
1121.wav,Indie
1460.wav,Indie
118.wav,Indie
1362.wav,Indie
518.wav,Indie
250.wav,Indie
1897.wav,Indie
934.wav,Indie
1608_1.wav,Indie
1657.wav,Indie
1234.wav,Indie
417.wav,Indie
389_1.wav,Indie
1430.wav,Indie
1182.wav,Indie
1523.wav,Indie
321.wav,Indie
1126.wav,Indie
84.wav,Indie
1355.wav,Indie
1584.wav,Indie
1895.wav,Indie
1829.wav,Indie
1603_1.wav,Indie
316_1.wav,Indie
396.wav,Indie
1562.wav,Indie
459.wav,Indie
257.wav,Indie
128.wav,Indie
222_2.wav,Indie
224.wav,Indie
1670.wav,Indie
67.wav,Indie
1581_1.wav,Indie
948.wav,Indie
1789.wav,Indie
1309.wav,Indie
1006.wav,Indie
1576.wav,Indie
1452_2.wav,Indie
629_1.wav,Indie
1406.wav,Indie
493.wav,Indie
544_1.wav,Indie
361_1.wav,Indie
1802.wav,Indie
1508_1.wav,Indie
729.wav,Indie
1661.wav,Indie
1246.wav,Indie
432_1.wav,Indie
531_1.wav,Indie
161_1.wav,Indie
799_1.wav,Indie
1883.wav,Indie
1851.wav,Indie
182_1.wav,Indie
166.wav,Indie
608.wav,Indie
1561.wav,Indie
2014.wav,Indie
1199_1.wav,Indie
1321.wav,Indie
370_1.wav,Indie
299.wav,Indie
1149.wav,Indie
731.wav,Indie
1515.wav,Indie
763_2.wav,Indie
703.wav,Indie
1256.wav,Indie
823.wav,Indie
1992.wav,Indie
1360.wav,Indie
1484.wav,Indie
532.wav,Indie
814.wav,Indie
335.wav,Indie
1139.wav,Indie
520_2.wav,Indie
1137_1.wav,Indie
825.wav,Indie
1032_1.wav,Indie
746_1.wav,Indie
1933.wav,Indie
344.wav,Indie
1055_1.wav,Indie
679_2.wav,Indie
252.wav,Indie
247.wav,Indie
1745.wav,Indie
599.wav,Indie
268.wav,Indie
1390_2.wav,Indie
851_2.wav,Indie
1066.wav,Indie
1479.wav,Indie
200_1.wav,Indie
828.wav,Indie
1994_1.wav,Indie
1869.wav,Indie
386_1.wav,Indie
609.wav,Indie
1272.wav,Indie
1673_1.wav,Indie
1721.wav,Indie
141.wav,Indie
603.wav,Indie
267.wav,Indie
760.wav,Indie
1245.wav,Indie
1855.wav,Indie
1922_1.wav,Indie
194.wav,Indie
1165.wav,Indie
173.wav,Indie
167.wav,Indie
1924.wav,Indie
1017.wav,Indie
401.wav,Indie
1439.wav,Indie
743.wav,Indie
958.wav,Indie
667.wav,Indie
990.wav,Indie
311_1.wav,Indie
441.wav,Indie
1303.wav,Indie
576_1.wav,Indie
1946.wav,Indie
1257.wav,Indie
1820_1.wav,Indie
1292.wav,Indie
1328.wav,Indie
223.wav,Indie
929.wav,Indie
789.wav,Indie
964.wav,Indie
1268.wav,Indie
537.wav,Indie
53.wav,Indie
1890.wav,Indie
911_2.wav,Indie
1072.wav,Indie
1401.wav,Indie
584.wav,Indie
1898.wav,Indie
1425_1.wav,Indie
1113.wav,Indie
1486.wav,Indie
168.wav,Indie
143.wav,Indie
1077.wav,Indie
412_1.wav,Indie
138.wav,Indie
1953.wav,Indie
854.wav,Indie
639.wav,Indie
1664.wav,Indie
1713_1.wav,Indie
1864.wav,Indie
872.wav,Indie
1837.wav,Indie
805.wav,Indie
1084.wav,Indie
1071_1.wav,Indie
989.wav,Indie
376.wav,Indie
1596.wav,Indie
1189.wav,Indie
478.wav,Indie
966.wav,Indie
196_1.wav,Indie
348.wav,Indie
71.wav,Indie
1502.wav,Indie
719.wav,Indie
548.wav,Indie
2000.wav,Indie
230.wav,Indie
1319.wav,Indie
1693_1.wav,Indie
385.wav,Indie
1697.wav,Indie
1672.wav,Indie
263.wav,Indie
836_1.wav,Indie
720_1.wav,Indie
1141.wav,Indie
1951.wav,Indie
1462_1.wav,Indie
1692.wav,Indie
974.wav,Indie
853.wav,Indie
1409.wav,Indie
1950.wav,Indie
1747_1.wav,Indie
454.wav,Islamic
425.wav,Islamic
949_1.wav,Islamic
930.wav,Islamic
1022.wav,Islamic
1510.wav,Islamic
775.wav,Islamic
1609.wav,Islamic
1847.wav,Islamic
1282.wav,Islamic
2033.wav,Islamic
1779.wav,Islamic
1552.wav,Islamic
1688_1.wav,Islamic
1579.wav,Islamic
489.wav,Islamic
1434.wav,Islamic
1848.wav,Islamic
682_1.wav,Islamic
370_2.wav,Islamic
1416.wav,Islamic
929_1.wav,Islamic
919_1.wav,Islamic
92_1.wav,Islamic
1776.wav,Islamic
1593.wav,Islamic
669.wav,Islamic
1080.wav,Islamic
1898_1.wav,Islamic
1157.wav,Islamic
147.wav,Islamic
1592_1.wav,Islamic
1495_1.wav,Islamic
1142.wav,Islamic
154.wav,Islamic
1204.wav,Islamic
1611.wav,Islamic
1950_1.wav,Islamic
1662.wav,Islamic
648.wav,Islamic
1067.wav,Islamic
2043.wav,Islamic
1314.wav,Islamic
1798.wav,Islamic
809.wav,Islamic
891.wav,Islamic
1627_1.wav,Islamic
1807.wav,Islamic
668.wav,Islamic
1524.wav,Islamic
1669.wav,Islamic
1974.wav,Islamic
1616.wav,Islamic
416_1.wav,Islamic
825_1.wav,Islamic
1251.wav,Islamic
1846.wav,Islamic
548_1.wav,Islamic
574_1.wav,Islamic
1486_1.wav,Islamic
1399.wav,Islamic
1059.wav,Islamic
1744.wav,Islamic
700_1.wav,Islamic
155.wav,Islamic
1353_1.wav,Islamic
1652_1.wav,Islamic
908_1.wav,Islamic
1141_1.wav,Islamic
1431.wav,Islamic
1341.wav,Islamic
931.wav,Islamic
1479_1.wav,Islamic
1001.wav,Islamic
744.wav,Islamic
704_1.wav,Islamic
519.wav,Islamic
1158_1.wav,Islamic
735.wav,Islamic
1844.wav,Islamic
559_1.wav,Islamic
445.wav,Islamic
1359.wav,Islamic
721.wav,Islamic
1492_1.wav,Islamic
1937.wav,Islamic
912_1.wav,Islamic
1856.wav,Islamic
1307.wav,Islamic
2042.wav,Islamic
66_1.wav,Islamic
1949.wav,Islamic
1696.wav,Islamic
1018_1.wav,Islamic
1024.wav,Islamic
1432_1.wav,Islamic
536.wav,Islamic
1756_1.wav,Islamic
317.wav,Islamic
660.wav,Islamic
1391_2.wav,Islamic
1569.wav,Islamic
724.wav,Islamic
1933_1.wav,Islamic
1962.wav,Islamic
714.wav,Islamic
500_1.wav,Islamic
2013.wav,Islamic
618.wav,Islamic
175.wav,Islamic
677_1.wav,Islamic
932.wav,Islamic
1658_1.wav,Islamic
518_1.wav,Islamic
937.wav,Islamic
1934.wav,Islamic
284.wav,Islamic
422.wav,Islamic
620.wav,Islamic
1507_1.wav,Islamic
1437.wav,Islamic
80.wav,Islamic
1595.wav,Islamic
1368.wav,Islamic
179.wav,Islamic
63_1.wav,Islamic
400.wav,Islamic
1190.wav,Islamic
1591.wav,Islamic
588.wav,Islamic
1017_1.wav,Islamic
1334.wav,Islamic
1534_2.wav,Islamic
892_1.wav,Islamic
759.wav,Islamic
1323.wav,Islamic
1234_1.wav,Islamic
1969_1.wav,Islamic
1816_1.wav,Islamic
52.wav,Islamic
1293.wav,Islamic
1137_2.wav,Islamic
570.wav,Islamic
630.wav,Islamic
209_1.wav,Islamic
121.wav,Islamic
1644.wav,Islamic
976.wav,Islamic
772_2.wav,Islamic
1037.wav,Islamic
1742_1.wav,Islamic
207_2.wav,Islamic
1716_1.wav,Islamic
1121_1.wav,Islamic
1852.wav,Islamic
1623.wav,Islamic
1130_1.wav,Islamic
48.wav,Islamic
1880.wav,Islamic
10.wav,Islamic
1318.wav,Islamic
2015.wav,Islamic
626.wav,Islamic
455.wav,Islamic
61_1.wav,Islamic
1737_1.wav,Islamic
1054.wav,Islamic
1330.wav,Islamic
2047.wav,Islamic
436.wav,Islamic
434.wav,Islamic
2017.wav,Islamic
1832_1.wav,Islamic
1715_1.wav,Islamic
83.wav,Islamic
642_1.wav,Islamic
1015_1.wav,Islamic
1961.wav,Islamic
1643.wav,Islamic
654_1.wav,Islamic
1265.wav,Islamic
238_1.wav,Islamic
406.wav,Islamic
143_1.wav,Islamic
1920.wav,Islamic
786_1.wav,Islamic
543.wav,Islamic
936.wav,Islamic
1896.wav,Islamic
405_1.wav,Islamic
845.wav,Islamic
852_1.wav,Islamic
11.wav,Islamic
1427.wav,Islamic
195.wav,Islamic
1247.wav,Islamic
564.wav,Islamic
1810.wav,Islamic
674_1.wav,Islamic
1033_1.wav,Islamic
197.wav,Islamic
1913_1.wav,Islamic
211.wav,Islamic
1340_1.wav,Islamic
624.wav,Islamic
511.wav,Metal
650.wav,Metal
784.wav,Metal
1629.wav,Metal
1138.wav,Metal
292.wav,Metal
988_1.wav,Metal
1327_1.wav,Metal
1877.wav,Metal
1577_1.wav,Metal
1650_1.wav,Metal
1400.wav,Metal
919_2.wav,Metal
327.wav,Metal
1495_2.wav,Metal
1335.wav,Metal
646.wav,Metal
53_1.wav,Metal
986.wav,Metal
948_1.wav,Metal
1349_1.wav,Metal
1918.wav,Metal
629_2.wav,Metal
1366_1.wav,Metal
1430_1.wav,Metal
626_1.wav,Metal
1444.wav,Metal
88.wav,Metal
1488_1.wav,Metal
138_1.wav,Metal
1420_1.wav,Metal
1372.wav,Metal
809_1.wav,Metal
1459.wav,Metal
811.wav,Metal
41.wav,Metal
1655.wav,Metal
1286.wav,Metal
706_1.wav,Metal
1195.wav,Metal
1219.wav,Metal
967.wav,Metal
1142_1.wav,Metal
516_1.wav,Metal
493_1.wav,Metal
1906.wav,Metal
401_1.wav,Metal
101.wav,Metal
68.wav,Metal
850.wav,Metal
268_1.wav,Metal
1076.wav,Metal
833.wav,Metal
1888.wav,Metal
1683.wav,Metal
414.wav,Metal
158.wav,Metal
926_1.wav,Metal
895.wav,Metal
924_1.wav,Metal
329.wav,Metal
872_1.wav,Metal
1504_1.wav,Metal
1903.wav,Metal
959.wav,Metal
211_1.wav,Metal
1514.wav,Metal
1731.wav,Metal
1407.wav,Metal
653.wav,Metal
333.wav,Metal
1234_2.wav,Metal
1098.wav,Metal
239_2.wav,Metal
743_1.wav,Metal
1779_1.wav,Metal
1880_1.wav,Metal
267_1.wav,Metal
1058.wav,Metal
197_1.wav,Metal
1639_1.wav,Metal
1724.wav,Metal
857.wav,Metal
535_2.wav,Metal
700_2.wav,Metal
132.wav,Metal
1841.wav,Metal
122.wav,Metal
558.wav,Metal
225.wav,Metal
1847_1.wav,Metal
1580.wav,Metal
540_1.wav,Metal
1013_1.wav,Metal
102.wav,Metal
512.wav,Metal
1387_1.wav,Metal
1699.wav,Metal
340.wav,Metal
1184_1.wav,Metal
1599.wav,Metal
1665.wav,Metal
4.wav,Metal
86.wav,Metal
1477.wav,Metal
1343.wav,Metal
281.wav,Metal
1483.wav,Metal
1435.wav,Metal
1868.wav,Metal
40.wav,Metal
1630.wav,Metal
1673_2.wav,Metal
1337_2.wav,Metal
1780.wav,Metal
1771_1.wav,Metal
562.wav,Metal
657.wav,Metal
1685.wav,Metal
1671.wav,Metal
845_1.wav,Metal
1737_2.wav,Metal
1513.wav,Metal
183_1.wav,Metal
133_1.wav,Metal
323.wav,Metal
124.wav,Metal
331_1.wav,Metal
534.wav,Metal
142.wav,Metal
771_1.wav,Metal
1182_1.wav,Metal
6.wav,Metal
1496.wav,Metal
752_1.wav,Metal
1432_2.wav,Metal
294.wav,Metal
1796.wav,Metal
849.wav,Metal
1700_2.wav,Metal
136.wav,Metal
1267_1.wav,Metal
745.wav,Metal
631_1.wav,Metal
1274_1.wav,Metal
1870.wav,Metal
756.wav,Metal
1015_2.wav,Metal
1323_1.wav,Metal
1776_1.wav,Metal
192_1.wav,Metal
1246_1.wav,Metal
917.wav,Metal
836_2.wav,Metal
432_2.wav,Metal
222_3.wav,Metal
254_1.wav,Metal
599_1.wav,Metal
718.wav,Metal
1896_1.wav,Metal
1551.wav,Metal
1460_1.wav,Metal
306.wav,Metal
853_1.wav,Metal
316_2.wav,Metal
1086.wav,Metal
1732.wav,Metal
1180.wav,Metal
543_1.wav,Metal
13.wav,Metal
1108.wav,Metal
1396_1.wav,Metal
770.wav,Metal
1467.wav,Metal
817.wav,Metal
430.wav,Metal
1176_1.wav,Metal
1828.wav,Metal
642_2.wav,Metal
1615.wav,Metal
1478_1.wav,Metal
1664_1.wav,Metal
1662_1.wav,Metal
302.wav,Metal
298.wav,Metal
989_1.wav,Metal
763_3.wav,Metal
1473.wav,Metal
1632_1.wav,Metal
1034.wav,Metal
1758.wav,Metal
1221.wav,Metal
1646.wav,Pop
833_1.wav,Pop
487_1.wav,Pop
350.wav,Pop
1365.wav,Pop
298_1.wav,Pop
296.wav,Pop
431_1.wav,Pop
430_1.wav,Pop
226.wav,Pop
132_1.wav,Pop
673.wav,Pop
1522.wav,Pop
1653.wav,Pop
1598.wav,Pop
475.wav,Pop
194_1.wav,Pop
1898_2.wav,Pop
662.wav,Pop
592.wav,Pop
1822.wav,Pop
874.wav,Pop
1142_2.wav,Pop
1700_3.wav,Pop
365_1.wav,Pop
1526_1.wav,Pop
1853.wav,Pop
399_1.wav,Pop
999.wav,Pop
1265_1.wav,Pop
835_1.wav,Pop
1307_1.wav,Pop
414_1.wav,Pop
723.wav,Pop
946.wav,Pop
162_1.wav,Pop
1776_2.wav,Pop
398.wav,Pop
363.wav,Pop
288_2.wav,Pop
1744_1.wav,Pop
8.wav,Pop
906.wav,Pop
113_1.wav,Pop
1144.wav,Pop
1297_1.wav,Pop
1631.wav,Pop
1419_1.wav,Pop
1577_2.wav,Pop
1582_1.wav,Pop
438.wav,Pop
1535.wav,Pop
543_2.wav,Pop
1491.wav,Pop
35_1.wav,Pop
422_1.wav,Pop
1727_1.wav,Pop
1499.wav,Pop
870_1.wav,Pop
1819.wav,Pop
674_2.wav,Pop
825_2.wav,Pop
965.wav,Pop
1668.wav,Pop
612.wav,Pop
316_3.wav,Pop
1959.wav,Pop
1829_1.wav,Pop
1761_1.wav,Pop
1306_1.wav,Pop
1337_3.wav,Pop
809_2.wav,Pop
1040_1.wav,Pop
1229.wav,Pop
576_2.wav,Pop
1430_2.wav,Pop
454_1.wav,Pop
1462_2.wav,Pop
969.wav,Pop
605.wav,Pop
526.wav,Pop
616_1.wav,Pop
1145_1.wav,Pop
1387_2.wav,Pop
1305.wav,Pop
1730_1.wav,Pop
1188.wav,Pop
1174.wav,Pop
1115.wav,Pop
961.wav,Pop
854_1.wav,Pop
1871.wav,Pop
245.wav,Pop
1098_1.wav,Pop
1046_1.wav,Pop
655.wav,Pop
20.wav,Pop
644.wav,Pop
1151.wav,Pop
119_1.wav,Pop
1482_1.wav,Pop
373.wav,Pop
1285.wav,Pop
1153.wav,Pop
441_1.wav,Pop
951.wav,Pop
867_1.wav,Pop
1717.wav,Pop
1569_1.wav,Pop
1420_2.wav,Pop
1454_1.wav,Pop
594.wav,Pop
1521.wav,Pop
1815.wav,Pop
39_1.wav,Pop
1230.wav,Pop
124_1.wav,Pop
204_1.wav,Pop
780.wav,Pop
1312.wav,Pop
1050.wav,Pop
1062.wav,Pop
457.wav,Pop
1656.wav,Pop
820_2.wav,Pop
921_1.wav,Pop
1599_1.wav,Pop
827.wav,Pop
1877_1.wav,Pop
186.wav,Pop
84_1.wav,Pop
230_1.wav,Pop
958_1.wav,Pop
150.wav,Pop
1247_1.wav,Pop
983.wav,Pop
52_1.wav,Pop
228_1.wav,Pop
1324.wav,Pop
323_1.wav,Pop
335_1.wav,Pop
1840_1.wav,Pop
614.wav,Pop
406_1.wav,Pop
851_3.wav,Pop
274_1.wav,Pop
180_1.wav,Pop
2.wav,Pop
413.wav,Pop
412_2.wav,Pop
218.wav,Pop
157_1.wav,Pop
91_2.wav,Pop
1639_2.wav,Pop
1887_1.wav,Pop
229.wav,Pop
1417.wav,Pop
718_1.wav,Pop
1163.wav,Pop
1812.wav,Pop
1566.wav,Pop
1673_3.wav,Pop
1759.wav,Pop
1478_2.wav,Pop
1558.wav,Pop
1017_2.wav,Pop
1_1.wav,Pop
199.wav,Pop
737_1.wav,Pop
631_2.wav,Pop
798.wav,Pop
125_2.wav,Pop
1632_2.wav,Pop
1527.wav,Pop
1863_1.wav,Pop
22.wav,Pop
1013_2.wav,Pop
501_1.wav,Pop
934_1.wav,Pop
1905.wav,Pop
980_1.wav,Pop
627_1.wav,Pop
1879.wav,Pop
1550.wav,Pop
1014.wav,Pop
646_1.wav,Pop
1792.wav,Pop
705_1.wav,Pop
1538_1.wav,Pop
334.wav,Pop
1424.wav,Pop
702_1.wav,Pop
1010.wav,Pop
244.wav,Pop
1688_2.wav,Pop
1346.wav,Pop
1758_1.wav,Rock
905_2.wav,Rock
312_1.wav,Rock
1804.wav,Rock
1726.wav,Rock
1459_1.wav,Rock
13_1.wav,Rock
598.wav,Rock
638.wav,Rock
47_1.wav,Rock
1717_1.wav,Rock
806.wav,Rock
1696_1.wav,Rock
1404.wav,Rock
1483_1.wav,Rock
1144_1.wav,Rock
1777.wav,Rock
431_2.wav,Rock
144_1.wav,Rock
231.wav,Rock
689.wav,Rock
754_1.wav,Rock
957_2.wav,Rock
409.wav,Rock
768_1.wav,Rock
559_2.wav,Rock
541_1.wav,Rock
15.wav,Rock
1523_1.wav,Rock
475_1.wav,Rock
649.wav,Rock
26.wav,Rock
770_1.wav,Rock
1494.wav,Rock
176.wav,Rock
1345.wav,Rock
852_2.wav,Rock
1124.wav,Rock
1334_1.wav,Rock
125_3.wav,Rock
1532_1.wav,Rock
1201.wav,Rock
453_1.wav,Rock
1838.wav,Rock
418_1.wav,Rock
1833.wav,Rock
150_1.wav,Rock
570_1.wav,Rock
427_1.wav,Rock
1905_1.wav,Rock
1344.wav,Rock
159_2.wav,Rock
1033_2.wav,Rock
1279.wav,Rock
109.wav,Rock
265.wav,Rock
1039.wav,Rock
1340_2.wav,Rock
1187.wav,Rock
1518.wav,Rock
1495_3.wav,Rock
1229_1.wav,Rock
1806.wav,Rock
62.wav,Rock
1012_1.wav,Rock
1427_1.wav,Rock
1164.wav,Rock
1276.wav,Rock
1025.wav,Rock
1908.wav,Rock
1399_1.wav,Rock
1629_1.wav,Rock
1773.wav,Rock
1573.wav,Rock
728.wav,Rock
753.wav,Rock
198.wav,Rock
1683_1.wav,Rock
1853_1.wav,Rock
564_1.wav,Rock
738.wav,Rock
1056.wav,Rock
1607.wav,Rock
1146.wav,Rock
834.wav,Rock
663.wav,Rock
1268_1.wav,Rock
1100.wav,Rock
149.wav,Rock
709.wav,Rock
1721_1.wav,Rock
113_2.wav,Rock
280.wav,Rock
1865_1.wav,Rock
1332_1.wav,Rock
1352.wav,Rock
930_1.wav,Rock
830.wav,Rock
146.wav,Rock
786_2.wav,Rock
1701_1.wav,Rock
1020.wav,Rock
1222.wav,Rock
696_1.wav,Rock
597_1.wav,Rock
1457.wav,Rock
1708.wav,Rock
700_3.wav,Rock
1815_1.wav,Rock
1454_2.wav,Rock
639_1.wav,Rock
106.wav,Rock
1365_1.wav,Rock
1848_1.wav,Rock
634_1.wav,Rock
70.wav,Rock
1171_1.wav,Rock
24.wav,Rock
506.wav,Rock
1382.wav,Rock
1870_1.wav,Rock
1715_2.wav,Rock
535_3.wav,Rock
1574.wav,Rock
1594.wav,Rock
1290.wav,Rock
439.wav,Rock
621.wav,Rock
1076_1.wav,Rock
652.wav,Rock
292_1.wav,Rock
239_3.wav,Rock
1223.wav,Rock
1465.wav,Rock
1886.wav,Rock
456.wav,Rock
1549.wav,Rock
1364.wav,Rock
1663_1.wav,Rock
915_1.wav,Rock
1094.wav,Rock
871.wav,Rock
508.wav,Rock
140.wav,Rock
1206_1.wav,Rock
1433.wav,Rock
446.wav,Rock
18.wav,Rock
1597.wav,Rock
1306_2.wav,Rock
743_2.wav,Rock
1507_2.wav,Rock
357.wav,Rock
1219_1.wav,Rock
1728.wav,Rock
734.wav,Rock
1446.wav,Rock
1014_1.wav,Rock
350_1.wav,Rock
723_1.wav,Rock
552_1.wav,Rock
1875_1.wav,Rock
548_2.wav,Rock
379_1.wav,Rock
1284.wav,Rock
1163_1.wav,Rock
1289_1.wav,Rock
20_1.wav,Rock
1167_2.wav,Rock
543_3.wav,Rock
419_1.wav,Rock
1622.wav,Rock
996.wav,Rock
68_1.wav,Rock
1108_1.wav,Rock
1654_1.wav,Rock
468.wav,Rock
1282_1.wav,Rock
572_1.wav,Rock
268_2.wav,Rock
1196_1.wav,Rock
123.wav,Rock
1899.wav,Rock
1582_2.wav,Rock
308.wav,Rock
732_1.wav,Rock
674_3.wav,Rock
1639_3.wav,Rock
764.wav,Rock
923_2.wav,Rock
1807_1.wav,Rock
