id,sentence,genre
8dLOs8LK4OQ_seg_00001,না না না না না স্বপ্নের বালুকায়,Pop
8dLOs8LK4OQ_seg_00002,কেউ কি পালুকায় যদি না আসে ভেজা দিন ইচ্ছে হিমালয় হয় না কভু ক্ষয় হৃদয়ে,Pop
8dLOs8LK4OQ_seg_00003,থাকে অমলিন কিছু স্বপ্ন কিছু ইচ্ছে এই আমায় টেনে নিচ্ছে তোমার কাছে বারবার,Pop
8dLOs8LK4OQ_seg_00004,কেউ না জানুক আমি তো জানি আমি তোমার কেউ না জানুক তুমি তো জানো তুমি আমার,Pop
8dLOs8LK4OQ_seg_00005,কেউ না জানো আমি তো জানি আমি তোমার,Pop
8dLOs8LK4OQ_seg_00006,আর কেউ না জানুক তুমি তো জানো তুমি আমার,Pop
8dLOs8LK4OQ_seg_00007,সব লেনা দেনা হয় না কভু শেষ আজীবন কিছু কিছু থেকে যায় রেশ সব লেনা দেনা,Pop
8dLOs8LK4OQ_seg_00008,হয় না কভু শেষ আজীবন কিছু কিছু থেকে যায় রেশ ভালোবাসা,Pop
8dLOs8LK4OQ_seg_00009,পুড়ায় না প্রেম কভু হারায় না অনুভবে থাকে যার যার,Pop
8dLOs8LK4OQ_seg_00010,কেউ না জানুক আমি তো জানি আমি তোমার কেউ না জানুক তুমি তো জানো তুমি আমার,Pop
8dLOs8LK4OQ_seg_00011,কেউ না জানুক আমি তো জানি আমি তোমার,Pop
8dLOs8LK4OQ_seg_00012,সব জানা সোনা লাগে না পরিচয় দূর থেকে কারো কারো ছায়া কথা কয় সব জানা শোনা,Pop
8dLOs8LK4OQ_seg_00013,লাগে না পরিচয় দূর থেকে কারো কারো ছায়া কথা কয়,Pop
8dLOs8LK4OQ_seg_00014,ভালোবাসা সা পুরায় না প্রেম কভু হারায় না অনুভবে থাকে যার যা,Pop
8dLOs8LK4OQ_seg_00015,কেউ না জানুক আমি তো জানি আমি তোমার কেউ না জানুক তুমি তো জানো তুমি আমার,Pop
8dLOs8LK4OQ_seg_00016,কেউ না যেন আমি তো জানি আমি তোমার,Pop
8dLOs8LK4OQ_seg_00017,কেউ না যেন তুমি তো যেন আমি তোমার ও ও,Pop
aOJYulVhCWk_seg_00001,হয়তো তোমার হাসি খুবই ভালো লাগে নয়তো তোমার নীরবতা বড় কানে লাগে আগে হয়তো,Alternative
aOJYulVhCWk_seg_00002,মন মনে মনে তোমায় ডাকে নয়তো না পেয়ে তোমায় হারাবার হয়ে থাকে হয়তো নয়তো হবে বেশি,Alternative
aOJYulVhCWk_seg_00003,অল্পে কাছে আসার এই গল্পে তুমি দূরে থাকো বা বুকেরই বাতাসে তুমি মনে রাখো,Alternative
aOJYulVhCWk_seg_00004,না রাখো আমাকে ঠিক আছে ঠিক আছে তুমি দূরে থাকো মা বুকেরই,Alternative
aOJYulVhCWk_seg_00005,বাতাসে তুমি মনে রাখো না রাখো আমাকে ঠিক আছে,Alternative
aOJYulVhCWk_seg_00006,হয়তো চোখে চোখে কত কথা বলি নয়তো তোমার বলা বলা কথা শেষ করি আমাদের টান নেই কোন,Alternative
aOJYulVhCWk_seg_00007,অভিধানে হয়তো বুঝি তোমায় নয়তো খুঁজি অনুমানে হয়তো নয়তো হবে বেশি অল্পে কাছে আসার এই,Alternative
aOJYulVhCWk_seg_00008,গল্পে তুমি দূরে থাকো বা বুকেরই বাসে তুমি মনে রাখো না রাখো আমাকে ঠিক আছে,Alternative
aOJYulVhCWk_seg_00009,ঠিক আছে তুমি দূরে থাকো মা বুকেরই বাসে তুমি মনে রাখো না রাখো আমাকে,Alternative
-Bfa-aVa7MU_seg_00001,তোমার অবাক অবাক চোখ আমার হারিয়ে যাওয়ার শুরু তোমার একলা দুপুর জু দূরে আমার বুকটা দূরু,Rock 
-Bfa-aVa7MU_seg_00002,দূরু তোমার উতাস চুলের ভাজে মৃদু যোছনা মাখা গন্ধ,Rock
-Bfa-aVa7MU_seg_00003,আমায় বাসতে দিও ভালো আমি বুঝিলে ভালো মন্দ আমার হারিয়ে,Rock
-Bfa-aVa7MU_seg_00004,যাওয়ার শুরু আমার হারিয়ে যাওয়ার শুরু,Rock
-Bfa-aVa7MU_seg_00005,আমার হারিয়ে যাওয়ার আমার হাজার মার,Rock
-Bfa-aVa7MU_seg_00006,তোমার অবাক অবাক চোখ আমার হারিয়ে যাওয়া আমার শুরু তোমার একলা দুপুর জুড়ে আমার বুকটা দূরু দূরু,Rock
-Bfa-aVa7MU_seg_00007,তোমার উতাস চুলের ভাজে মৃদু যোছনা মাখা গন্ধ আমার দ্বিধা ভরা আঙ্গুল,Rock
-Bfa-aVa7MU_seg_00008,মনে হাজার রঙের দন্দ আমার হারিয়ে যাওয়ার শুরু আমার হারিয়ে,Rock
-Bfa-aVa7MU_seg_00009,যাওয়ার শুরু আমার হারিয়ে সবার সুখ আমার,Rock
BWIW9aBNmlk_seg_00001,ভেজা সন্ধ্যা অঝর বৃষ্টি দূর আকাশ আকাশে মেঘের প্রতি ধ্বনি বাদলে ঘিরেছে আকাশ বইছে বাতাস আড়ালে,Pop
BWIW9aBNmlk_seg_00002,দাঁড়িয়ে তুমি আর আমি হয়নি বলা কোন কথা শুধু হয়েছে অনুভূতি হয়নি,Pop
BWIW9aBNmlk_seg_00003,বলা কোন কথা শুধু,Pop
BWIW9aBNmlk_seg_00004,হালকা আধার দিচ্ছে ঘিরে আচ্ছা আলো নিচ্ছে ছুয়ে অল্প করে হোক না শুরু,Pop
BWIW9aBNmlk_seg_00005,ভালোবাসা এখনো ভিরু হালকা আধার দিচ্ছে ঘিরে আচ্ছা আলো নিছে ছুয়ে অল্প,Pop
BWIW9aBNmlk_seg_00006,করে হোক না শুরু ভালোবাসা এখনো ভীরু হয়নি বলা কোন কথা শুধু,Pop
BWIW9aBNmlk_seg_00007,হয়েছে অনুভূতি হয়নি বলা কোন কোন,Pop
BWIW9aBNmlk_seg_00008,রাখছে সময় পিছু বলবে কি মন কিছু নিবিরে ভালোবাসা,Pop
BWIW9aBNmlk_seg_00009,জড়ালো কিছু আশা রাখছে সময় পিছু বল কি মন কিছু,Pop
BWIW9aBNmlk_seg_00010,নিবিরে ভালোবাসা জড়ালো কিছু আশা হয়নি বলা কোন কথা শুধু,Pop
BWIW9aBNmlk_seg_00011,হয়েছে অনুভূতি হয়নি বলা কোন কথা শুধু হয়েছে,Pop
BWIW9aBNmlk_seg_00012,অনুভূতি ভেজা সন্ধ্যা অঝর বৃষ্টি দূর আকাশে মেঘের প্রতি ধ্বনি পাগলে ঘিরেছে,Pop
BWIW9aBNmlk_seg_00013,আকাশ বইছে বাতাস আড়ালে দাঁড়িয়ে তুমি আরাম আমি হয়নি বলা কোন কথা শুধু,Pop
BWIW9aBNmlk_seg_00014,হয়েছে অনুভূতি হয়নি বলা কোন কথা শুধু হয়েছে অনুভূতি,Pop
CKfhGvUPXkY_seg_00001,আমার পথ চলা পথে যেন বেলা শেষে,Rock
CKfhGvUPXkY_seg_00002,আকাশ আর মোহে আমার স্বপ্ন আমার সাথে যেন স্বপ্নে ফিরে আসে স্বপ্ন,Rock
CKfhGvUPXkY_seg_00003,হয়ে খুঁজে পাই জীবনকে কোন স্বপ্ন ভেবে আমি কার,Rock
CKfhGvUPXkY_seg_00004,আশাতে সুখে চলি পথে পথে যেন কার মায়াতে বাঁধা পড়েছে জীবন যে কত সুখ করবো না কত মিথ্যে প্রলোভন কষ্টের,Rock
CKfhGvUPXkY_seg_00005,আধারে মিলিয়ে আমার স্বপ্ন আমার সাথে যেন স্বপ্নে ফিরে আসে স্বপ্ন,Rock
CKfhGvUPXkY_seg_00006,ভয়ে খুঁজে পাই জীবনে জীবনকে কোন স্বপ্ন ভেবে আমি কার,Rock
CKfhGvUPXkY_seg_00007,সাথে ছুটে চলি পথে পথে যেন কার মায়াতে বাঁধা পড়েছে জীবন কত সুন্দর কল্পনা কত মিথ্যে প্রলোভন কষ্টের,Rock
CKfhGvUPXkY_seg_00008,প্রতিটি সোনা তার আহ্বান,Rock
CKfhGvUPXkY_seg_00009,ആമിനെ সুর উঠে ভেজে তোমার ঐ গানের মাঝে এই পথ গেছে মিশে আমার বেলা শেষে স্বপ্ন,Rock
CKfhGvUPXkY_seg_00010,ফিরে আসে দূর দেশে,Rock
CKfhGvUPXkY_seg_00011,জীবনকে কোন এক স্বপ্ন,Rock
CKfhGvUPXkY_seg_00012,আমি কার সাথে ছুটে চলি পথে পথে যেন কার মায়াতে মাথা পড়েছে জীবন যে কত সুন্দর কত মিথ্যে,Rock
cWlAszeTFG0_seg_00001,অনেকদিন পর যখন আমরা হবো মুখোমুখি প্রিয় চোখে,Rock
cWlAszeTFG0_seg_00002,তখন তুমি ছাড়বে কি দীর্ঘ শান বুঝে না বুঝে,Rock
cWlAszeTFG0_seg_00003,তুমি বলবে কি কিছু কথা নাকি হারানোর কান্না চেপে তুমি,Rock
cWlAszeTFG0_seg_00004,নিজেকে করবে আড়াল অনেকদিন পর,Rock
cWlAszeTFG0_seg_00005,যখন নামবে নতুন কুয়াশা রোদে এর চাদরে কি তুমি পাবে,Rock
cWlAszeTFG0_seg_00006,তীব্র উষ্ণতা বুঝে না বুঝে তুমি বলবে কি কিছু,Rock
cWlAszeTFG0_seg_00007,কথা নাকি হারানোর কান্না চেপে তুমি,Rock
cWlAszeTFG0_seg_00008,কি অদ্ভুত তাই না ভাবি আমি চলে গিয়ে তুমি থাকবে সবটা জুড়ে কি অদ্ভুত,Rock
cWlAszeTFG0_seg_00009,তাই না ভাবি আমি,Rock
ECh1rS2ipJw_seg_00001,তোমরা কেউ কি দিতে পারো প্রেমিকা তার ভালোবাসা দেবে কি কেউ জীবনে উষ্ণতার সত্য আশা তোমরা কেউ কি দিতে পারো প্রেমিকার,Rock
ECh1rS2ipJw_seg_00002,ভালোবাসা দেবে কি কেউ জীবনে উষ্ণতার সত্য আশা ভালোবাসার আগে নিজেকে নিও,Rock
ECh1rS2ipJw_seg_00003,বাজিয়ে আমার মনের মত দিও সাজিয়ে আমি বড় অসহায় অন্য,Rock
ECh1rS2ipJw_seg_00004,পথে একটি নাটকি দেখি মহাকালের মঞ্চে ও আমায় ভালোবাসেনি অসীমে,Rock
ECh1rS2ipJw_seg_00005,ভালোবাসা ও বোঝেনি ও আমায় ভালোবাসেনি অতলে,Rock
ECh1rS2ipJw_seg_00006,তোমরা কেউ কি করবে আমার জন্য অপেক্ষা ভালোবাসবে শুধু আমায় করবে,Rock
ECh1rS2ipJw_seg_00007,প্রতিজ্ঞা তোমরা কেউ কি করবে আমার জন্য অপেক্ষা ভালোবাসবে শুধু তুই আমায় করবে প্রতিজ্ঞা ভালোবাসার,Rock
ECh1rS2ipJw_seg_00008,আগে নিজেকে নিও বাজিয়ে আমার মনের মত নিও সাজিয়ে আমি বড় অসহায় অন্য,Rock
ECh1rS2ipJw_seg_00009,পথে একটি নাটক দেখি সকালের মঞ্চে ও আমায় ভালোবাসেনি অসীমে,Rock
ECh1rS2ipJw_seg_00010,ভালোবাসা ও বোঝেনি ও আমায় ভালোবাসেনি অতলে,Rock
ECh1rS2ipJw_seg_00011,এতদিন রাজ আমি একা হলে শুধু সেতা এত ফিরেও আজ আমি,Rock
ECh1rS2ipJw_seg_00012,একা মনে শুধু যে সুন্দর,Rock
FFO0BnWVmrY_seg_00001,রাত ফুরলে স্বপ্নটা ভেঙ্গে যাবে জানাল ার বাইরে এসে,Alternative
FFO0BnWVmrY_seg_00002,দাঁড়াবে ভোর ঘোরের বাতাসে মুঝে কি দুঃখ কেউ বলে দেবে,Alternative
FFO0BnWVmrY_seg_00003,একা থাকার মানে দূর রন্ত বাতাশে ভেতর হাটছি আমি রোদে কোথাও পাই না,Alternative
FFO0BnWVmrY_seg_00004,খুজে পরিচিত কোন,Alternative
FFO0BnWVmrY_seg_00005,প্রান্ত দিকে নেশু ঘাসের উপর এখন বৃষ্টি,Alternative
FFO0BnWVmrY_seg_00006,পড়বে আকাশ থেকে তারপর আবার আবার দীর্ঘ নিঃসঙ্গ রাত কেউ বলে,Alternative
FFO0BnWVmrY_seg_00007,দেবে একা আকার মানে দূরন্ত বাতাশের ভেতর হাটছি আমি,Alternative
FFO0BnWVmrY_seg_00008,রোদে কোথাও পাই না খুজে পরিচিত কোন মুখ আমার ভেতরে,Alternative
FFO0BnWVmrY_seg_00009,এক নিঃসঙ্গ মানুষ নিঃশব্দে কেঁদে ওঠে,Alternative
FFO0BnWVmrY_seg_00010,বৃষ্টির রাত শেষে দূরন্ত বাকাশের ভেতর,Alternative
FFO0BnWVmrY_seg_00011,হাটছি আমি রোদে কোথা পাইনা খুজে পরিচিত কোন মুখ আমার তার ভেতরে,Alternative
FFO0BnWVmrY_seg_00012,এক নিঃসঙ্গ মানুষ নিঃসন্দে ওঠে,Alternative
FFO0BnWVmrY_seg_00013,বৃষ্টির রাত শেষে,Alternative
G8SKzENt8Is_seg_00001,তবু এভাবে সময় আমার কেটে যাবে তোমাকে ভেবে তোমার নিয়ে স্বপ্নগুলো ভোর,Indie/Folk-Pop
G8SKzENt8Is_seg_00002,হলে যায় জেগে আকাশ মেঘে বৃষ্টি হয়ে স্বপ্নগুলো দেয়,Indie/Folk-Pop
G8SKzENt8Is_seg_00003,ভিজিয়ে তুমিও কি আমার সাথে পথে হাত চড়িয়ে কদম,Indie/Folk-Pop
G8SKzENt8Is_seg_00004,হাতে খিচতে চাই তোমার সাথে কদম,Indie/Folk-Pop
G8SKzENt8Is_seg_00005,দেখি তোমাকে আছো দাঁড়িয়ে আমি মনে নীল সারিতে হাজার হিরে সব ছাড়িয়ে,Indie/Folk-Pop
G8SKzENt8Is_seg_00006,শুধু তুমি আমার চোখে পথের ধারে তোমার আশা ভালোবাসার সব আছি,Indie/Folk-Pop
G8SKzENt8Is_seg_00007,দাঁড়িয়ে স্বপ্ন নিয়ে তোমার আকাশে সুরতে,Indie/Folk-Pop
G8SKzENt8Is_seg_00008,খিচতে যাই তোমার,Indie/Folk-Pop
G8SKzENt8Is_seg_00009,এক বলোতে চাই তোমার সাথে এক,Indie/Folk-Pop
jw5Ob3TXCho_seg_00001,অপূর্ণ রয়ে যায় ভালোবাসা থেকে যায় কিছু কথপ কথন অপূর্ণ রয়ে যায় ভালোবাসা,Pop
jw5Ob3TXCho_seg_00002,থেকে যায় কিছু কথপ কথপ,Pop
jw5Ob3TXCho_seg_00003,ছিলে আমার স্বপ্নে তুমি আজও কেন বহুদূর অনুভবে ভেসে আসে,Pop
jw5Ob3TXCho_seg_00004,সেই চেনা প্রিয় সুর কাছে যেতেও সংশয় দূরে থাকতে লাগে ভয়,Pop
jw5Ob3TXCho_seg_00005,এলো মেলো লাগে সবে অপূর্ণ রয়ে যায় ভালোবাসা থেকে যায় কিছু কথপ কথপ অপূর্ণ রয়ে যায়,Pop
jw5Ob3TXCho_seg_00006,ভালোবাসা থেকে যায় কিছু কথপ কথ ও,Pop
jw5Ob3TXCho_seg_00007,স্মৃতিগুলো মুছে যায় অচেনা কুয়া সাথে সময়ে যেন জড়াতে চায় জলহীন,Pop
jw5Ob3TXCho_seg_00008,বড় সাথে কাছে যেতেও সংশয় দূরে থাকতেও লাগে ভয় এলোমেলো এ আমি,Pop
jw5Ob3TXCho_seg_00009,অপূর্ণ রয়ে যায় ভালোবাসা থেকে যায় কিছু কথপ কথপ অপূর্ণ রয়ে যায় ভালোবাসা,Pop
jw5Ob3TXCho_seg_00010,থেকে যায় কিছু কথপ কত ও তোমার আমার,Pop
jw5Ob3TXCho_seg_00011,টুকরো সুতর বাধন যেন জাদুর মত,Pop
jw5Ob3TXCho_seg_00012,টানছে আমায় আলত করে বাধছে আমায় ভাঙছে,Pop
jw5Ob3TXCho_seg_00013,চোখের তারা উষ্ণ মালিশ তোমায় কেব খোজে ঝুমদু বৃষ্টি হলে,Pop
jw5Ob3TXCho_seg_00014,মেঘলা কেন সাজে অপূর্ণ রয়ে যায় ভালোবাসা থেকে যায় কিছু কথপ কথন অপূর্ণ রয়ে যায়,Pop
jw5Ob3TXCho_seg_00015,ভালোবাসা থেকে যায় কিছু কত পর,Pop
KdURvuVydnI_seg_00001,আমি নিতে দেবো না সময়কে এক মুঠো ভরা যোচনা যাই দূরের হোক,Alternative
KdURvuVydnI_seg_00002,না ছুতে আমি চাই না পৃথিবীর সব অপার বিশ্বয় থাক আমার,Alternative
KdURvuVydnI_seg_00003,অলেখা শূন্য খাতার প্রতিটি পাতায় সময় কাঁপ অলেখা আমি মেলবো না স্বপ্নটা না ওই নীল,Alternative
KdURvuVydnI_seg_00004,মেঘেদের ছোঁয়ায় আমি লিখবো না আর কাঁদবো কোন ছেড়া পাতায় আমি মেলবো না স্বপ্ন ডানা ওই নীল,Alternative
KdURvuVydnI_seg_00005,মেঘেদের ছোঁয়ায় আমি লিখবো না আর কাঁপবো,Alternative
KdURvuVydnI_seg_00006,আমি দেবো না পারি তোমায় নিয়ে নিষ্প্রাণ দিতে যে পথ ভুলে পৌঁছে,Alternative
KdURvuVydnI_seg_00007,গেছে শূন্য মরুর বুকে শেষ বিকেলে হারিয়ে যাওয়া স্মৃতি হাতলে,Alternative
KdURvuVydnI_seg_00008,বেড়ায় নিঝু রাতের অন্ধকারে স্বপ্ন ধরা খেলায় আমি মেলবো না আর স্বপ্নটা না ওই নীল,Alternative
KdURvuVydnI_seg_00009,মেঘেদের ছোঁয়ায় আমি লিখবো না আর কাঁদবো কোন স্মৃতির ছেড়া পাতায় আমি মেলবো না আর স্বপ্ন না ওই নীল,Alternative
KdURvuVydnI_seg_00010,মেঘেদের ছোঁয়ায় আমি লিখবো না আর কাঁদবো,Alternative
KdURvuVydnI_seg_00011,ఆ আমি মেলবো না আর স্বপ্ন ডানা ওই নীল মেঘেদের ছোঁয়ায় আমি লিখবো না আর কাঁদবো কোন স্মৃতির ছেড়া,Alternative
KdURvuVydnI_seg_00012,পাতায় আমি মেলবো না আর স্বপ্ন ডানা ওই নীল মেঘেদের ছোঁয়ায় আমি লিখবো না আর কাঁদবো কোন স্মৃতি ছেড়া পাতায়,Alternative
KWEHAN37n_w_seg_00001,একাকি মন আজ নীরবে বিভাগী তোমার অনুভবে ফেরারি প্রেম খোঁজে ঠিকানা আকাশে মেঘ মারে বোঝো,Pop
KWEHAN37n_w_seg_00002,কিনা একাতে মন আজ নীরবে বিবাহিত তোমার অনুভবে ফেরারি প্রেম খোঁজে ঠিকানা আকাশে মেঘনায় বোঝো কিনা বিরহ নিলে,Pop
KWEHAN37n_w_seg_00003,নিলে বাঁধে বাসা অজানা ব্যথা অধরা তারা,Pop
KWEHAN37n_w_seg_00004,দিনের আলো শেষে যখন নামে তোমাকে খুঁজে পাই আধারে,Pop
KWEHAN37n_w_seg_00005,শিরোনামে বিরহ নিলে নিলে বাঁধে বাসা অজানা ব্যথা অধরা তারাগুলো কাঁদে,Pop
KWEHAN37n_w_seg_00006,নিথর চোখের কোণে অথে শূন্যতা ভাবনার বন্দরে যা জাগে,Pop
KWEHAN37n_w_seg_00007,অপূর্ণতায় বিরহ নিলে নিলে বাঁধে বাসা অজানা ব্যথা অধরা তারাগুলো কাঁদে বেদনা খেয়ালি তুমি,Pop
KWEHAN37n_w_seg_00008,কোথায় একাতে মন আজ নীরবে বিবাহিত তোমার অনুভাবে ফেরারি প্রেম খোঁজে ঠিকানা আকাশে মেঘনায় বোঝো,Pop
KWEHAN37n_w_seg_00009,কিনা বিরহ নিলে নিলে বাঁধে বাসা অজানা ব্যথা অধরা তারাগুলো কাঁদে বেদনা খেয়াল কোথায়,Pop
mli5roiIW-s_seg_00001,ఆ খোলা চোখ খানা করো বন্ধ বাতাসের ঠান্ডা,Indie/Folk-Pop
mli5roiIW-s_seg_00002,গন্ধ হয়ে বেড়ায় ঘরেরও বাহিরে আসো ছোট্ট একটা গান করি যাতে ঘুম পাড়ানি মাসি এসে পাশে বসে হাতখানা দিবে কপাল ভরে,Indie/Folk-Pop
mli5roiIW-s_seg_00003,ভয় নেই আছি আমি পাশে হাতখানা ধরে আছি হেসে কোলেতে আমার মাথা তোমার অন্ধকার রাত নিশ্চুপ সব জোনাকির দল আজও জেগে আছে তারা হয়তো অপেক্ষায় তোমার,Indie/Folk-Pop
mli5roiIW-s_seg_00004,ঘুমের হাত রেখে হাত লিখে ঘুরি বসে অপেক্ষা করি কবে হবে কাল ফুটবে সকাল আয় ঘুম চুম অন্ধে তার সারা কপালে যাতে ঘুম,Indie/Folk-Pop
mli5roiIW-s_seg_00005,আসে সব নিশ্চুপ হয়ে যায় আয় চাঁদ মামা কাছে আয় যাতে অন্ধকার না হয় আলো মাখা কপালেতে টিপটা যাতে কিছু,Indie/Folk-Pop
mli5roiIW-s_seg_00006,আলোকিত হয় সে যাতে ভয় না পায়,Indie/Folk-Pop
mli5roiIW-s_seg_00007,পরিয় তার দুই হাত ধরে নিয়ে যা স্বপ্নের খেলা ঘরে যেথা মিলবে তার সুখের ঠিকানায় তারা দল ছুটে আয় এইখানে তার ঘুমখানা যাতে না ভাঙ্গে তাই নিয়ে যা তাকে স্বর্গের,Indie/Folk-Pop
mli5roiIW-s_seg_00008,বিছানায় যদি দেখো সেথা আমায় বসে গান তোমায় শোনায় তুমি মিষ্টি এক চুমু খেও মোর গালে অন্ধকার রাত নিশ্চুপ সব জোনাকির দল,Indie/Folk-Pop
mli5roiIW-s_seg_00009,আজও জেগে আছে তারা হয়তো অপেক্ষায় তোমার ঘুমের হাতে রেখে হাত দেখে ঘুরি বসে অপেক্ষা করি কবে হবে কাল ফুটবে,Indie/Folk-Pop
mli5roiIW-s_seg_00010,সকাল আয় ঘুম চুম বন্দে তার সারা কপালে যাতে ঘুম আসে সব নিশ্চুপ হয়ে যায় আয় চাঁদ মামা কাছে আয় যাতে অন্ধকার না,Indie/Folk-Pop
mli5roiIW-s_seg_00011,হয় আলো মাখা কপালেতে ঠিক যাতে কিছু আলোকিত হয়,Indie/Folk-Pop
ng74uaBTC4s_seg_00001,আর আসবো না বলে দুধের ওপরে ভাষা স্বর চামচে নিংড়ে নিয়ে চেয়ে,Alternative
ng74uaBTC4s_seg_00002,আছে বাইরে বৃষ্টির ধোঁয়া যেন সাদা স্বপ্নের চাদর বিছিয়েছে,Alternative
ng74uaBTC4s_seg_00003,পৃথিবীতে কেন এত বুক দোলে আমি আর আসবো না বলে যদিও কাঁপছে হাত,Alternative
ng74uaBTC4s_seg_00004,তবুও ঠিক অভ্যাসের বসে লিখছি অসংখ্য নাম চেনা জানা,Alternative
ng74uaBTC4s_seg_00005,না পাখি আমি আসবো না,Alternative
ng74uaBTC4s_seg_00006,মিছিলের প্রথম পতাকা তুলে নেই হাতে আর আসবো না বলেই জাগিয়ে তুলি,Alternative
ng74uaBTC4s_seg_00007,মানুষের ভেতর রে মানুষ কথার ভেতরে কথা গেঁথে দেওয়া কেন আসবো না,Alternative
ng74uaBTC4s_seg_00008,বলে সুখ আমি আসবো না দুঃখ আমি আসবো,Alternative
ng74uaBTC4s_seg_00009,না প্রেম হে কাম হে কবিতা আমার আমি আর আসবো,Alternative
ng74uaBTC4s_seg_00010,না আজ বিদায়ের বিষন্ন রুমালে কেতলে অক্ষর কালো আসবো না,Alternative
ng74uaBTC4s_seg_00011,এসব দেয়নি কিছুই ফুলদানি ছাড়া নেই সুবাসিত গোলাপ অথবা স্নিগ্ধ জলের ধারা,Alternative
ng74uaBTC4s_seg_00012,তবুও ফের ফিরে আসে সেই সব দুপুর দুটি কিশোরীর হাতে তিনটি কুকুর আমাদের চারপাশের নানা ভিড়ে ফিরেছে কত মানুষ তারা নিয়ে,Alternative
ng74uaBTC4s_seg_00013,জলে নুয়ে পড়া বৃক্ষ তলে দুজনার ছিল না কোন তারা এহো আমাকে দেয়নি কিছুই শুধু তোমাকে,Alternative
ng74uaBTC4s_seg_00014,ছাড়া এহো আমাকে দেয়নি কিছুই শুধু তোমাকে,Alternative
ng74uaBTC4s_seg_00015,আধার ছিন্ন করে তুমি মেলে দিলে দু হাত কি করে আমি বলো যাব তোমার,Alternative
ng74uaBTC4s_seg_00016,কাছে যেভাবে পরগাছা জনম তোমায় সূত্র বৃক্ষ ছুড়ায় তবুও ভালোবেসে পর গাছাকে কেউ বলেনি,Alternative
ng74uaBTC4s_seg_00017,বৃক্ষ অনেক কষ্ট অভিমান নিয়ে তুমিও চলে যাবে জানি দু হাত চোখ মুছে রোদ্রের কাছে আমি রাখিনি,Alternative
ng74uaBTC4s_seg_00018,এ শহর পারবে না ঠেকাতে জানি তোমার চলে যাওয়া এ শহর পারবে না ঠেকাতে জানি তোমার চলে,Alternative
ng74uaBTC4s_seg_00019,যাওয়া এ শহর আমাকে কিছুই শুধু তোমাকে ছাড়া এহর আমাকে কিছুই শুধু তোমাকে,Alternative
ng74uaBTC4s_seg_00020,ছাড়া এহর আমাকে কিছুই শুধু তোমাকে ছাড়া এহর,Alternative
ng74uaBTC4s_seg_00021,আমাকে কিছুই শুধু তোমাকে ছাড়া আমাকে দেয়নি কিছুই শুধু তোমাকে ছাড়া,Alternative
NlYM0Px9L-4_seg_00001,উড়ে যাবে সুখ চেয়ে রব হয়তো না পাবো হয়তো,Indie/Folk-Pop
NlYM0Px9L-4_seg_00002,পাবো ভাঙ্গা কিছু স্বপ্ন নিয়ে বেঁচে রব কখনো বা প্রতিবাদ কখনো চুপসে রব আমার ছোট,Indie/Folk-Pop
NlYM0Px9L-4_seg_00003,নদী আমার ভাঙ্গা ঘর আমার কিছু কল্পনা তার পৃথিবী সুন্দর আমার ছোট নদী আমার ভাঙ্গা,Indie/Folk-Pop
NlYM0Px9L-4_seg_00004,সুন্দর চলে যাবো রে ওই দূর অজানায় হারাবো সুর মোহনায় লুকিয়ে রব,Indie/Folk-Pop
NlYM0Px9L-4_seg_00005,কোন এক শ্যামল মায়ায় সবুজের ঐ সীমানায় ডাক টাকা ভোর স্বপ্নে বিভর নির্ঘুম অবুঝ বাতাস,Indie/Folk-Pop
NlYM0Px9L-4_seg_00006,জোনাকির দল দল বেঁধে চল আধারে হবে বসবাস আমার ছোট নদী আমার ভাঙ্গা,Indie/Folk-Pop
NlYM0Px9L-4_seg_00007,ঘর আমার কিছু কল্পনা তার পৃথিবী সুন্দর আমার ছোট নদী আমার ভাঙ্গা ঘর,Indie/Folk-Pop
NlYM0Px9L-4_seg_00008,আমার কিছু কল্পনা তার পৃথিবী সুন্দর সহস্র রাত আর দক্ষিণা বাতাস করলো মাতাল আবাস দেপান্তরের ওই মাঠ পেরিয়ে আধারে হবে,Indie/Folk-Pop
NlYM0Px9L-4_seg_00009,আমার ছোট নদী আমার ভাঙ্গা ঘর আমার কিছু কল্পনা তার পৃথিবী সুন্দর আমার,Indie/Folk-Pop
NlYM0Px9L-4_seg_00010,ছোট্ট আমার ভাঙ্গাঘর আমার কিছু কল্পনা তার পৃথিবী সুন্দর,Indie/Folk-Pop
nPmCDRMwvaA_seg_00001,বৃষ্টিতে ভিজে ভিজে যে তুমি আমি হেটে পার বাঁধন এ নদীর তীরে পারলের ছায়া ছুয়ে বৃষ্টি জল নামে টুপটা,Rock
nPmCDRMwvaA_seg_00002,করে তোমার উন্মুক্ত কাঁধে এ মাথা গোলাপি জাঙ্গানে,Rock
nPmCDRMwvaA_seg_00003,ভিজে একা সবকিছু বুঝে গেলে এ মুহূর্তটা রঙিন,Rock
nPmCDRMwvaA_seg_00004,দেহের বাইরে প্রেম আমার সত্য আত্মা কঠিন কঠিন সবকিছু বুঝে গেলে এ মুহূর্তটা,Rock
nPmCDRMwvaA_seg_00005,রঙিন দেহের বাইরে প্রেম আমার সত্য আত্মা বুঝি,Rock
nPmCDRMwvaA_seg_00006,তোমার মনে মত শরীর ছুয়ে সুর কামিন ফুল ফুটে থাকে বন্ধুত্বের,Rock
nPmCDRMwvaA_seg_00007,হৃদয়ে নিয়ে ভেজা পটের শাখাগুলো সবুজ ঘাসে আসে আসে,Rock
nPmCDRMwvaA_seg_00008,নয়ে সবকছু বুঝে গেলেও এ মুহূর্তটা রঙিন,Rock
nPmCDRMwvaA_seg_00009,দেহের বাইরে প্রেম আমার সত্য আত্মা কঠিন কঠিন সবকছু কিছু বুঝে গেলেও এ মুহূর্তটা,Rock
nPmCDRMwvaA_seg_00010,রঙিন দেহের বাইরে প্রেম আমার সত্য আত্মা কঠিন কঠিন,Rock
O3SyEDO0K9U_seg_00001,স্বপ্ন দেখার খোলা চোখ হয় না সাহস আর মনে করি না কিছু পাওয়ার আশা,Rock
O3SyEDO0K9U_seg_00002,ব্যর্থ আমার প্রার্থনার আজ আমি সবার হারানো আমি শূন্যতায় ভেসে,Rock
O3SyEDO0K9U_seg_00003,হাহাকার দেখে লাগে ভয় যেন আমার দেখা হলো না আলো সুধায়,Rock
O3SyEDO0K9U_seg_00004,অন্ধকার কেউ বোঝেনি আমায় চেনেনি তো কেউ দেখেও কতবার তবু দেখেনি কেউ মোরে সত্যকাল,Rock
O3SyEDO0K9U_seg_00005,যত বাস্তবতা মিথ্যে তত তাই আমি বৃষ্টি এলেই পাহাড়ে চুরায়,Rock
O3SyEDO0K9U_seg_00006,বসে ভরসায় ভিজি ভাঙলে মেনে বাড়ি যেতেও আকাশ সুখা ওদের ফিরে নিজেকে আমি,Rock
O3SyEDO0K9U_seg_00007,ফেরা হলো না ঘরে নাই ফিরলো ঘর দিকে,Rock
O3SyEDO0K9U_seg_00008,আমার এসে পথেরই মাঝে পেছনে তাকিয়ে ফিরে আবার হেঁটে,Rock
O3SyEDO0K9U_seg_00009,যাই আমি খুঁজতে কিছু আমি আজও জানিনা কিসেরই কিছু সাথী রয় কষ্ট আমার সেনা তো,Rock
O3SyEDO0K9U_seg_00010,ఆ আমি মিথ্যে বলেছি কত মিথ্যে বলেছি,Rock
O3SyEDO0K9U_seg_00011,নিজেকে এক রূপ কথার মত বদলে যাবে এ জীবন শেষে আজ আমি,Rock
O3SyEDO0K9U_seg_00012,ছন্দ ছাড়া আমি এক বিশে হারা,Rock
-ph4mykFp9I_seg_00001,এই আলো ধরে রাখো কুঠুরি আমাকে আর খুঁজো,Alternative
-ph4mykFp9I_seg_00002,না আমি থাকবো নিভেজ প্রদীপের,Alternative
-ph4mykFp9I_seg_00003,আধারে এই গান শুনে রাখো ভালো আমাকে আর ডেকো,Alternative
-ph4mykFp9I_seg_00004,না আমি চলে যাব জীবের ডায় গভীর,Alternative
-ph4mykFp9I_seg_00005,সাগরে মানুষের হৃদয় ভরে ওঠে আবার শূন্য হবার জন্যে স্মৃতির এই ফুল এলো বাগানে,Alternative
-ph4mykFp9I_seg_00006,ঝরা ফুলে মধু খুঁজে ভ্রমর হয় ধন্য আমাদের হয়েছিল দেখা যখন হৃদয়কে শাসন,Alternative
-ph4mykFp9I_seg_00007,করছিল শূন্যতা আমাদের হয়েছিল কথা যখন মৃতের কঙ্কালে স্তব্ধ,Alternative
-ph4mykFp9I_seg_00008,মহাকাল মানুষের হৃদয় ভরে ওঠে আবার শূন্য হবার জন্যে বিস্মৃতির এই ফুলের বাগানে ঝরা ফুলে মধু খুঁজে,Alternative
-ph4mykFp9I_seg_00009,কোন সন্ধ্যায় ভুলে যেও সেই আলো যখন সময় ডেকে নেবে অন্য প্রদীপের,Alternative
-ph4mykFp9I_seg_00010,ধারে কোন সন্ধ্যায় ভুলে যেও সেই আলো যখন সময় ডেকে নেবে অন্য প্রদীপের,Alternative
-ph4mykFp9I_seg_00011,ধারে নিজের অরণ্যে সময় চালায় তার ধারালো কুঠার ভুলে যেও সেই গান সাগর ধুয়ে দেয় যদি,Alternative
-ph4mykFp9I_seg_00012,তোমার পুরনো সই মানুষের হৃদয় ভরে ওঠে আবার শূন্য হওয়ার জন্যে নিমৃতির এই ফুলের,Alternative
-ph4mykFp9I_seg_00013,এই আরো ধরে রাখো কুঠুরি আমাকে আর খুজো,Alternative
-ph4mykFp9I_seg_00014,না আমি থাকবো নিভে যাওয়া প্রদীপের,Alternative
-ph4mykFp9I_seg_00015,আধারে এই গান শুনে রাখো আমাকে আর ডেকো,Alternative
-ph4mykFp9I_seg_00016,না আমি চলে যাব চিলের ডানায়,Alternative
qpfyAc2J1JE_seg_00001,পারো সে কবিতার ছন্দতে কিছু কথা দিয়ে মানুষের মন ছুতে তুমি পারো সুরে গলা মিলাতে তুমি আরো পারো সাথে রোগদে সে সেই আলো ভেবে ভালো ভাবো সেইদিন,Pop
qpfyAc2J1JE_seg_00002,যাবেন শোধে পর এক সময় হবে প্রিয়জনের প্রয়োজনে এই কিছু সময় যাবে কষ্টে তবে বিশ্বাস স্রষ্টা বসে,Pop
qpfyAc2J1JE_seg_00003,ওপারে আমি জানি তুমিও পারো তার হাসিটা ফোটাতে তুমিও পারো তাকে রং,Pop
qpfyAc2J1JE_seg_00004,দেখাতে তুমিও পারো তার হাসিটা ফুটাতে তুমিও,Pop
qpfyAc2J1JE_seg_00005,পারো তার রঙে এখন,Pop
qpfyAc2J1JE_seg_00006,তুমি এসেই দেখো সেই মেঘের দল চুল ফুরাবে বাতাসের মেঘ ভ্রবণ তুমি পারো খুঁজে নিতে সেই বিষয় তোমার হাসিতে হাসিবে সে সবসময়,Pop
qpfyAc2J1JE_seg_00007,কালো কাজলের চোখ খানা আঁকতে তুমি পারসে রং তুলির দৃশ্যতে তুমি পারো সুরে গলা মিলাতে তুমি আরো,Pop
qpfyAc2J1JE_seg_00008,ভালো সেই আলো ভালো হবে সেইদিন যাবে পর এক সময় হবে প্রিয়জনের প্রয়োজনে এই কিছু সময় যাবে কষ্টের বিশ্বাস,Pop
qpfyAc2J1JE_seg_00009,রাস্তা বসে ওয়েতে আমি জানি তুমিও পারো তার হাসিটা ফোটাতে তুমিও,Pop
qpfyAc2J1JE_seg_00010,পারো তাকে রন্ধন দেখাতে তুমিও পারো তার হাসিটা ফোটাতে তুমিও,Pop
qpfyAc2J1JE_seg_00011,পারো তার রঙে রঙিন,Pop
SEcCvYfYGRk_seg_00001,আকাশে নেই চাঁদ ঘরে দেয়াল দেখে কাটায় রাত আর ঘুম আসে না নিষ্ঠুর পৃথিবীতে কে কেউ থাকে না পাশে,Pop
SEcCvYfYGRk_seg_00002,আমার আর মনে অগোচরে অবুঝ খেয়াল বারে বারে আমায় শুধু প্রশ্ন করে রাত শেষে আর কখনো কি ভোর হবে না,Pop
SEcCvYfYGRk_seg_00003,আধাকাল রাত্রির শেষে ভোর হলেই আমি স্বপ্ন দেখি যে অর্ধেক আকাশ পৃথিবীর আর অর্ধেক তোমার,Pop
SEcCvYfYGRk_seg_00004,আমার সারা কালো স্বপ্নের মাঝে আমি খুঁজে যাই তোমার আমার নতুন ঠিকানায় বারে বারে ডাকছে আমায় আমি কোথায় যে হারিয়ে,Pop
SEcCvYfYGRk_seg_00005,যাই শত ধীরের মাঝেও আমি শুনতে পাই তোমার কোমল কণ্ঠ স্বর একবার,Pop
SEcCvYfYGRk_seg_00006,ফুলটা আজ বয়ে পাতায় মাঝে মাঝে আমার চোখে অশ্রু ঝরায় অলস প্রহর যেন থমকে থাকে ঘড়ির,Pop
SEcCvYfYGRk_seg_00007,কাটায় হঠাৎ ব্যস্ত হয় পুরনো ছবির দল ঘুমানো স্বপ্নগুলো বলছে যাবি চল অসহায় আমি যে থাকি,Pop
SEcCvYfYGRk_seg_00008,নীরবতায় সাদা কালো স্বপ্নের মাঝে আমি খুঁজে যাই তোমার আমার নতুন ঠিকানায় বারে বারে ডাকছে আমায় আমি কোথায় যে হারিয়ে,Pop
SEcCvYfYGRk_seg_00009,যাই শত ভিড়ের মাঝেও আমি শুনতে পাই তোমার কোমর কন্ঠ স্বর একেবার চেয়ে দেখো আমি আর মনে খুঁজছি,Pop
SEcCvYfYGRk_seg_00010,তোমায় হঠাৎ ব্যস্ত হয় পুরনো ছবি ঘুমানো স্বপ্ন পুরো পৌঁছে যাবি চল অসহায় আমি চেয়ে থাকি নীরবতায়,Pop
SEcCvYfYGRk_seg_00011,শত মাঝে আমি শুনতে পাই তোমার কোমল কণ্ঠস্বর একবার চেয়ে দেখো আমি আন মনে,Pop
t99Z5ym-nJY_seg_00001,মেঘলা দিন তোমাকে ভেবে কেটে যায় রঙিন ফেলে আসা ভালোবাসা মলিন তবুও মনে পড়ে,Pop
t99Z5ym-nJY_seg_00002,যায় চায়ের কাপ তোর আমার যত স্মৃতির চাপ হিসেবে মেলানো কঠিন যদি,Pop
t99Z5ym-nJY_seg_00003,আবার দেখা হয় তোমার আমার ভুলে যে ওর সব অভিমান ছিল যত ঋণ আছি,Pop
t99Z5ym-nJY_seg_00004,আজও আমি শুধুই তোমার জানি তুমি অন্য,Pop
t99Z5ym-nJY_seg_00005,আমার মন খারাপ সুখ মিশে গেছে যতদূর তুমি শুনতে কি পাও এই গান,Pop
t99Z5ym-nJY_seg_00006,যাক না দিন এমন তোমাকে ভেবে ভেবে হয়ে যাক কাজে প্রতীক্ষার অবসান লুকিয়ে,Pop
t99Z5ym-nJY_seg_00007,থাক শীতের কুয়াশায় ভেজালু চোখ মুছে যাওয়া যত গল্প আজ প্রেম হয়ে ফিরে যা আড়াল,Pop
t99Z5ym-nJY_seg_00008,হোক জমিয়ে রাখা যত কষ্ট সব শিশির হয়ে ঝরে যায় যদি আবার দেখা হয় তোমার,Pop
t99Z5ym-nJY_seg_00009,আমার মনে করো সেই মন ভাঙ্গা গল্প গান আছি আজও আমি শুধুই,Pop
t99Z5ym-nJY_seg_00010,তোমার জানি তুমি অন্য কারো আমি দিশাহীন আহ,Pop
TPiCWUQ78CY_seg_00001,জন্ম মৃত্যুর আবর্তনে পুনরজন্ম হবে তোমার আবার দেখা পাবো কখন কে জানে জন্ম মৃত্যুর,Alternative
TPiCWUQ78CY_seg_00002,আবর্তনে পুনরজন্ম হবে তোমার আবার দেখা পাবো কখন কে জানে দূরে,Alternative
TPiCWUQ78CY_seg_00003,যাও সরে যাও রেখে যাও কিছু স্মৃতি তোমার,Alternative
TPiCWUQ78CY_seg_00004,আমার জানি আমার একটি জন্ম আমার কভু হবে না জানি আমার এমন করে তোমার দেখা পাবো না,Alternative
TPiCWUQ78CY_seg_00005,জানি আমার একটি জন্ম আমার কভু হবে না জানি,Alternative
TPiCWUQ78CY_seg_00006,সোজা সজা একটা সত্য কথা বলে তোমায় ভীষণ রকম,Alternative
TPiCWUQ78CY_seg_00007,ভালোবাসি হাজারো যুদ্ধ বয়ে গেছে মনে তোমায় এই কথা বলবো,Alternative
TPiCWUQ78CY_seg_00008,বলে বলা হয়নি কথা কি ছিল এই,Alternative
TPiCWUQ78CY_seg_00009,মনে বলা হয়নি কথা কি ছিল এই মনে জানি আমার একটি জন্ম আমার কভু হবে না,Alternative
TPiCWUQ78CY_seg_00010,জানি আবার এমন করে তোমার দেখা পাবো না জানি আমার একটি জন্ম আমার কভু হবে না জানি,Alternative
TPiCWUQ78CY_seg_00011,আছো তুমি যেখানে প্রতিশব্দ শব্দ দূষণ কাজে শোনো অবশ্য দেয়ালে তোমারি,Alternative
TPiCWUQ78CY_seg_00012,গুনগুন আজন মোরা বুকের মাঝে ধ্বনি প্রতি ধ্বনি রাতের আকাশ তোমায় ছাড়া ভীষণ একাকি আজ,Alternative
TPiCWUQ78CY_seg_00013,স্মৃতিগুলো ভীষণ রকম দামি আজ স্মৃতিগুলো ভীষণ রকম,Alternative
TPiCWUQ78CY_seg_00014,থামি জানি আমার একটি জন্ম তবু হবে না জানি আমার এমন করে তোমার দেখা পাবো না,Alternative
triH6ECZmBM_seg_00001,যদি তুমি নদী হয়ে চাও ঢেউ হবে আমাকে ভাসা ভালোবেসে,Pop
triH6ECZmBM_seg_00002,মনটাকে হারাবো যে ওই বাঁকে কাছে এসে হাতটা বাড়াও খুব কাছাকাছি যেন আমি,Pop
triH6ECZmBM_seg_00003,আছি তোমারই তো প্রেমে দিব নিশি ভাসি ছুয়ে দিয়ে তোমার মনেরই সীমানা বারে বারে ফিরে,Pop
triH6ECZmBM_seg_00004,আসি যদি তুমি নদী হয়ে যাও ঢেউ হয়ে আমাকে ভাসা ভালোবেসে,Pop
triH6ECZmBM_seg_00005,মনটাকে হারাবো যে ওই বাঁকে কাছে এসে,Pop
triH6ECZmBM_seg_00006,ধীরে ধীরে কোনখানে ভেসে যাই চলে যাই গোপনে জানে না মন জানে না তুই চোখে চোখ রেখেছে থাকি পলকে কোন,Pop
triH6ECZmBM_seg_00007,আলে তুমি বোঝো না তোমারি কাছে যেন আমারই মন বাঁধা আছে তোমাকে ছুয়ে যেন সারাক্ষণ এই মন বাঁচে কাছে আসো,Pop
triH6ECZmBM_seg_00008,কোন বাতাস হারাবো তোমার আদরে খুব কাছাকাছি যেন আমি আছি তোমারই তো প্রেমে,Pop
triH6ECZmBM_seg_00009,দিবানিশি ভাসি ছুয়ে দিয়ে তোমার মনেরই সীমানা বারে বারে ফিরে,Pop
triH6ECZmBM_seg_00010,আসি যদি তুমি নদী হয়ে যাও ঢেউ হয়ে আমাকে ভাসা ভালোবেসে,Pop
TWHLqVajlOk_seg_00001,ভুলের স্রোতে ভুলে যাওয়া স্বপ্নে তোমায় ফিরে পাওয়া ঘুম ভুল ভরে তোমারি হতে চাওয়া মনে গভীরে রেখে,Indie/Folk-Pop
TWHLqVajlOk_seg_00002,দেয়া স্বপ্নে তোমায় একে যাওয়া ফেলে আসা বন্ধুতে তোমাকে খুঁজে ফেরা চলো আজ ফিরে,Indie/Folk-Pop
TWHLqVajlOk_seg_00003,যাই গোধুলির ওপারে চলো আজ ফিরে যাই,Indie/Folk-Pop
TWHLqVajlOk_seg_00004,আশা আকাশটা কে হয়নি ধরা ফুলের স্রোতে হয়নি ছোঁয়া ওই আলোর স্বপ্ন চুরা সূর্য ঢাকা ভোরের পথে হারিয়ে যাও,Indie/Folk-Pop
TWHLqVajlOk_seg_00005,স্মৃতির সাথে তোমাকে ফিরে পেতে আমার অপেক্ষা চলো,Indie/Folk-Pop
TWHLqVajlOk_seg_00006,আজ ফিরে যা মধুলির চলো আজ ফিরে,Indie/Folk-Pop
TWHLqVajlOk_seg_00007,যাই মধুলির গোপালে শক্তহীন বালু জ্বলে ফিরে এসে আমার চলে,Indie/Folk-Pop
TWHLqVajlOk_seg_00008,রাঙিয়ে যাও আজ তোমার রঙে রং মশালে সেই আলোতে বলতে চাই আজ,Indie/Folk-Pop
TWHLqVajlOk_seg_00009,তোমাকে না বলো অনুভূতি ভাষায় ফেলে চলো আজ ফিরে,Indie/Folk-Pop
TWHLqVajlOk_seg_00010,যাই গোধুলি ওপারে চলো আজ ফিরে যাই,Indie/Folk-Pop
U2MFX3h8JVI_seg_00001,জানিনা কেন যে আজ মন হারালো দূর আকাশে জানিনা কেন যে আজ মন হারালো দূর আকাশে মেঘেরও পাশে নীলে ভেসে ভেসে স্মৃতির,Pop
U2MFX3h8JVI_seg_00002,আবেশে হেসে হেসে জানিনা কেন যে আজ মন হারালো দূর আকাশে জানিনা কেন যে আজ মন হারালো দূর আকাশে মেঘেরও পাশে নীলে ভেসে ভেসে স্মৃতির,Pop
U2MFX3h8JVI_seg_00003,আবেশে হেসে হেসে জানিনা কেন যে আজ মন হারালো দূর আকাশে জানিনা কেন যে আজ মন হারালো দূর,Pop
U2MFX3h8JVI_seg_00004,চঞ্চল মন হায় উড়িয়া যেতে চায় সবুজ বনে বাজারে করিয়া কানাকানি বিষয় না জানি নিষিদ্ধ অসীম আধারে চঞ্চল মন হায় উড়িয়া যেতে চায় সবুজ মনে,Pop
U2MFX3h8JVI_seg_00005,বাঁধারে করিয়া কানাকানি বিষয়ও না জানি নিষিধ অসীম আধারে মেঘের ওপাশে নীলে ভেসে ভেসে স্মৃতির আবেশে হেসে হেসে জানিনা কেন যে আজ মন হারালো দূর,Pop
U2MFX3h8JVI_seg_00006,আকাশে জানিনা কেন যে আজ মন হারালো দূর,Pop
U2MFX3h8JVI_seg_00007,সঞ্জল মন যায় স্বপ্নে মৃদু পায় হারাতে দূরে পাহাড়ে সঙ্গী হতে চায় মরিয়া মোহনায় মিশিতে গহীন সাগরে চঞ্চালো মন যায় স্বপ্নে মৃদু পায় হাতে দূরের,Pop
U2MFX3h8JVI_seg_00008,পাহাড়া সঙ্গী চাঁদ পড়িয়া মোহনায় মিশিতে গহীন সাগরে মেঘের ওপাশে নীলে ভেসে ভেসে স্মৃতির আবেশে হেসে হেসে জানিনা কেন যে আজ মন হারালো দূর,Pop
U2MFX3h8JVI_seg_00009,আকাশে জানিনা কেন যে আজ মন হারালো দূর আকাশে মেঘের পাশে নীলে ভেসে ভেসে স্মৃতির আবেশে ভেসে হেসে,Pop
VcZ2MAQlJZA_seg_00001,রাতেরও গভীরে চর দেয় যে আলো তোমার ভালোবাসা লাগে তো ভালো দিক দিশা হয়ে তুমি কার পানে ছোট,Pop
VcZ2MAQlJZA_seg_00002,অন্ধকারে ছিলা আমি তোমারি আলো দিলো না দিলা না তুমি তো দিলা না কথা ফুল ঝরে গেল তুমি তো দিলা,Pop
VcZ2MAQlJZA_seg_00003,না দিলা না দিলা না তুমি তো দিলা না কথা,Pop
VcZ2MAQlJZA_seg_00004,সুখেরও বাগানে ছিলাম ফুটন্ত গলা কত নান অভিমান,Pop
VcZ2MAQlJZA_seg_00005,কত নলা ও সুখেরও বাগানে ছিল গলা,Pop
VcZ2MAQlJZA_seg_00006,কত নামান অভিমান কত নলা এস একজনে জলে কি পেয়েছো তুমি,Pop
VcZ2MAQlJZA_seg_00007,নিজেকে হারিয়ে দিল না দিলা না তুমি তো দিলা না কত ফুল ঝরে তো দিলা,Pop
VcZ2MAQlJZA_seg_00008,দিলা না দিলা না তুমি দিল না কত সর,Pop
VcZ2MAQlJZA_seg_00009,কত না স্বপ্ন ছিল দুচোখে অশার হাত ধরে হেটেছি,Pop
VcZ2MAQlJZA_seg_00010,দুজন জন্যে কত নম্ব ছিল এ দুচোখে,Pop
VcZ2MAQlJZA_seg_00011,অসর হাত ধরে হেটেছি দুজনে মনের মন্দিরে আপন জেনে সুখে,Pop
VcZ2MAQlJZA_seg_00012,কত পাইবে না দিলা না দিলা না তুমি তো দিলা দিলা তখন জরে তো দিলা দিলা দিল না দিলা,Pop
VcZ2MAQlJZA_seg_00013,তুমি তো দিলা স ও,Pop
XJlXHoh0C4M_seg_00001,চায় কাছে তোকে দিশে হারা মন যেন তোর আদরে ভেজে যায় সারাক্ষণ মন শুধু আজ খুজে অকারণ বলে সব কারণ,Pop
XJlXHoh0C4M_seg_00002,কোন নামহীন দেশে যায় আজ তোকে নিয়ে ভেসে সে অজানা বেশে যাই তোকে ভালোবেসে শুধু তুই আমি মিলে ভাসি ওই তোর মিলে,Pop
XJlXHoh0C4M_seg_00003,চোখে দু চোখ রেখে যাই শুকন একে চায় কাছে তোকে দিশে হারা মন যেন তোর দূরে ভিজে যায় সারাক্ষণ,Pop
XJlXHoh0C4M_seg_00004,আমিও চাই তোর মনে হারাতে তোকে নিয়ে পথ পা বাড়াতে তোকেই ভেবে রোজ করি যে তোর খোজ তোকে নিয়ে মন হয় মন হারা,Pop
XJlXHoh0C4M_seg_00005,ও আমিও চাই তোর মনে হারাতে তোকে নিয়ে পথ পা বাড়াতে তোকেই ভেবে রোজ করি যে তোর খোজ তোকে নিয়ে মনে হয় মন হারা,Pop
XJlXHoh0C4M_seg_00006,তোর কাজে তোর খোজে দিনে রাতে তোর মনে মন রেখে বাসবো আমি তোরই সাথে কোন নামহীন এসে যায় আজ তোকে নিয়ে ভেসে,Pop
XJlXHoh0C4M_seg_00007,সে অজানা বেশে যায় তোকে ভালোবেসে শুধু তুই আমি মিলে যায় হাসি ওই তোর মিলে চোখে দু চোখ রেখে যাই স্বপ্ন এতে,Pop
XJlXHoh0C4M_seg_00008,চায় কাছে তোকে দিশে হারা মন যেন তোর আদরে ভিজে যায় সারা এখন মন শুধু আজ ভরে অকারণ বলে সব এক কারণ,Pop
yGSDD7hiRgU_seg_00001,হা তোমার জন্য ভুল করিয়ে নিলে সাথে খানিক,Pop
yGSDD7hiRgU_seg_00002,ভুল করিয়ে নিলে কাজল চোখে তাকিয়ে যদি হাসি তোমায় ভেবে সন্ধ্যা নামে চ্যুতি চোখের,Pop
yGSDD7hiRgU_seg_00003,কোলে কান্না জমায় নদী সব অভিমান ভুলে ফিরে আসি আমায় ছেড়ে কোথায় যাবে তুমি,Pop
yGSDD7hiRgU_seg_00004,বলবে কে আর এমন করে ভালোবাসি আমায় দিও একটুখানি ছুয়ে আমায় দিও,Pop
yGSDD7hiRgU_seg_00005,একটুখানি মন এই জনমের জন্ম মৃত্যু জানি তুমি ছাড়া শূন্য এ জীবন,Pop
yGSDD7hiRgU_seg_00006,আমায় দিও একটুখানি ছুবে আমায় দিও একটুখানি মন এই জনমের জন্ম মৃত্যু জানে তুমি ছাড়া শূন্য,Pop
yGSDD7hiRgU_seg_00007,তোমায় ছেড়ে গেলে এমন আকাশ পাবো আর কোথায় তোমার কাছে এসে সবটুকু ভালোবেসে যাবো কোথায়,Pop
yGSDD7hiRgU_seg_00008,তোমার জন্য তাকিয়ে য়ে যদি থাকি বুকের ভেতর আসতো আকাশ আকি দুঃখ ভুলে স্বপ্ন সুখে ভাসি,Pop
yGSDD7hiRgU_seg_00009,আমায় ছেড়ে কোথায় যাবে তুমি বলবে কে আর এমন করে ভালোবাসি,Pop
yGSDD7hiRgU_seg_00010,আমায় দিও একটুখানি ছুয়ে আমায় দিও একটুখানি মন এই জনমের জন্ম মৃত্যু জানে তুমি ছাড়া শূন্য এ জীবন,Pop
_z1EfMNUqFs_seg_00001,গুনে গুনে দেখি অবেলার স্বপ্নটাই আঁকা ছিল কত শত কবিতায় স্বপ্নের সেই কবিতার ছন্দতে মিশেছে ছিল তার হাসি মাখা ছবিটা যা আঁকা ছিল অদ্ভুত রংগুলি যা জমা থাকে আমার মন মাঝে বড় হয়ে আমি চড়ছি ঘোড়ায় আড়ালে তুমি,Pop
_z1EfMNUqFs_seg_00002,লুকে আছো বউ সাজে আমার এই স্বপ্ন কি শুধু স্বপ্ন হয়ে হাসাবে আমায় তেমন সাহস নেই আমার তোমাকে কিভাবে প্রস্তাব জানাই আমার এই স্বপ্ন কি শুধু স্বপ্ন হয়ে হাসাবে আমায়,Pop
_z1EfMNUqFs_seg_00003,ഓ কল্পনায় আঁকা আল্পনায় তোমায় নিয়ে ভাবা শত জল্পনায় তুমি আছো বলে বেঁচে আছে স্বপ্নটা তোমায় নিয়ে লেখা এই কবিতা সেই কবিতার ছন্দটা তুমি মিশে থাকা প্রতি অক্ষরে আমি জানালে কি হতে পারে শেষটা,Pop
_z1EfMNUqFs_seg_00004,আমার এই স্বপ্ন কি শুধু স্বপ্ন হয়ে হাসাবে আমায় তেমন সাহস নেই আমার আমার এই স্বপ্ন কি শুধু স্বপ্ন হয়ে,Pop
_z1EfMNUqFs_seg_00005,হাসাবে আমায় তেমন সাহস নেই আমার আমার এই স্বপ্ন কি শুধু স্বপ্ন হয়ে হাসাবে আমায় তেমন সাহস নেই আমার তোমাকে কিভাবে প্রস্তাব জানাই আমার এই স্বপ্ন কি,Pop
_z1EfMNUqFs_seg_00006,শুধু স্বপ্ন হয়ে হাসাবে আমার,Pop
Z4HpPn56LaQ_seg_00001,তোর জন্যে আকাশ পাতাল একটু হলেও হচ্ছি মাতাল কানের খাতায় জায়গা কোথায় কবিতা তোর চোখের,Indie/Folk-Pop
Z4HpPn56LaQ_seg_00002,পাতায় জানতে চাবি কোথায় কেমন কোন দুপুরে পড়ছি কখন কোন রাতে আমি না ঘুমিয়ে কোন সকালে ঘর নিগিয়ে কোন দেশেতে যাই হারিয়ে,Indie/Folk-Pop
Z4HpPn56LaQ_seg_00003,তেপান্তরের মাঠ পেরিয়ে ছোট্ট বাজার হাট পেরিয়ে সুখের খোঁজে ভুল করে সেই তোর,Indie/Folk-Pop
Z4HpPn56LaQ_seg_00004,শহরে তোরই শহরে না,Indie/Folk-Pop
Z4HpPn56LaQ_seg_00005,না অন্ধকারে হাতরে বেড়ায় মনের ভেতর চলছে লড়াই কি খুঁজতে কি খুঁজে পাই দেখলে আলো থমকে,Indie/Folk-Pop
Z4HpPn56LaQ_seg_00006,দাঁড়ায় অদ্ভুত সব মানুষগুলো কিসের খোঁজে ছুটছে বলো কি আসে যায় না পেলে তার কি হবে আজ মন ভেঙে গেলে কোন দেশেতে যায় হারিয়ে তেপান্তরের,Indie/Folk-Pop
Z4HpPn56LaQ_seg_00007,মাঠ পেরিয়ে ছোট্ট বাজার হাট পেরিয়ে,Indie/Folk-Pop
Z4HpPn56LaQ_seg_00008,পথ ভুলে গেছি অচেনা এই ইট পাথরের শহরে মিশে আছে কত শত গল্প অলিগলি আর কত দেয়ালে বন্ধ ঘরে স্বপ্ন ফাটল ধরে পুরো কোন আয় নাই,Indie/Folk-Pop
Z4HpPn56LaQ_seg_00009,যদি সত্যি মেলে মুক্তি আমি ফিরবো না কখনো কোন দেশেতে যায় হারিয়ে তেপান্তরের মাঠ পেরিয়ে ছোট্ট বাজার হাট পেরিয়ে সুখের খোঁজে ভুল করে,Indie/Folk-Pop
